job_id,job_title,company,location,industry,seniority_level,remote_type,salary_min_usd,salary_max_usd,avg_salary_usd,skills,posting_date,num_applicants
100001,Senior Data Analyst,Northwind Analytics,"Dallas, TX",Technology,Senior,Remote,89500,133500,111500,Communication; Excel; Power BI; Python; SQL; Snowflake; VBA,2025-10-28,263
100002,Data Analyst Intern,Northwind Analytics,"Miami, FL",Technology,Entry,Hybrid,47000,63500,55250,Communication; Excel; Machine Learning; R; SQL; VBA,2025-10-19,395
100003,Marketing Data Analyst,Cascade Health Systems,"Austin, TX",Media & Entertainment,Mid,Remote,70000,98000,84000,Azure; Business Intelligence; Excel,2026-04-09,155
100004,Data Analyst Intern,Coral Reef Travel,"Charlotte, NC",Energy,Entry,Remote,40000,61000,50500,A/B Testing; ETL; Machine Learning; Power BI; SQL,2025-09-22,194
100005,Marketing Data Analyst,Redwood Insurance,"Dallas, TX",Nonprofit,Mid,Onsite,63500,91500,77500,A/B Testing; Business Intelligence; R; SQL,2026-05-24,357
100006,Lead Data Analyst,Harborline Bank,"Los Angeles, CA",Real Estate,Senior,Onsite,95500,160000,127750,Excel; Machine Learning; Python; SQL; Statistics,2026-05-26,239
100007,Junior Data Analyst,Pinnacle Consulting,"Seattle, WA",Technology,Entry,Onsite,57000,82500,69750,A/B Testing; Data Visualization; ETL; Machine Learning; SQL; Tableau,2025-08-26,83
100008,Junior Data Analyst,Granite Construction,"Minneapolis, MN",Energy,Entry,Remote,44000,67500,55750,Azure; Data Modeling; ETL; Excel; Machine Learning; Power BI; SQL,2025-11-28,227
100009,Junior Data Analyst,Ironclad Manufacturing,"New York, NY",Nonprofit,Entry,Onsite,54500,79500,67000,AWS; Excel; Power BI; SQL,2025-09-21,281
100010,Lead Data Analyst,Vantage Pharma,"New York, NY",Energy,Senior,Hybrid,99500,169500,134500,Data Modeling; Excel; Python; SQL; Snowflake,2025-08-05,394
100011,Lead Data Analyst,Willow Hospitality,"Seattle, WA",Healthcare,Senior,Hybrid,112500,152000,132250,AWS; Azure; Communication; Excel; SQL; Snowflake; Statistics,2026-03-22,236
100012,Senior Data Analyst,Harborline Bank,"Atlanta, GA",Retail,Senior,Hybrid,85000,121500,103250,A/B Testing; Excel; Python; SQL,2025-08-04,21
100013,Marketing Data Analyst,Vertex Financial Group,"Columbus, OH",Technology,Mid,Remote,56000,81500,68750,A/B Testing; Communication; Data Modeling; Excel; Looker; Power BI; SQL,2026-02-06,186
100014,Financial Data Analyst,Brightpath Education,"Washington, DC",Real Estate,Mid,Onsite,72000,108500,90250,ETL; Excel; Google Analytics,2025-08-25,132
100015,Business Data Analyst,Redwood Insurance,"Miami, FL",Education,Mid,Remote,59500,88500,74000,Azure; Power BI; SQL,2025-07-08,52
100016,Business Data Analyst,Summit Media Co,"Minneapolis, MN",Education,Mid,Hybrid,63500,92500,78000,Data Modeling; ETL; Machine Learning; SQL,2026-02-18,151
100017,Financial Data Analyst,Lighthouse Nonprofit,"Miami, FL",Hospitality,Mid,Hybrid,59000,86500,72750,Azure; Excel; SQL,2025-07-30,30
100018,Data Analyst Intern,Skyline Real Estate,"Columbus, OH",Pharmaceuticals,Entry,Onsite,39500,62500,51000,Excel; Python; SQL,2025-08-31,296
100019,Business Data Analyst,TidalWave Gaming,"Portland, OR",Financial Services,Mid,Hybrid,64500,95000,79750,A/B Testing; Data Modeling; Excel; Machine Learning; SQL; Statistics; Tableau,2026-02-20,166
100020,Senior Data Analyst,Northwind Analytics,"Washington, DC",Energy,Senior,Onsite,103500,137000,120250,Data Visualization; Machine Learning; Snowflake; Tableau,2026-01-06,150
100021,Junior Data Analyst,Ironclad Manufacturing,"Miami, FL",Nonprofit,Entry,Remote,48500,67500,58000,AWS; Azure; Excel; Looker; Power BI; SQL; Tableau,2025-08-24,385
100022,Lead Data Analyst,Orbit Logistics,"Dallas, TX",Insurance,Senior,Hybrid,89000,124500,106750,Excel; Looker; Machine Learning; Python; SQL,2025-11-19,27
100023,Data Analyst,Quantum Robotics,"Seattle, WA",Hospitality,Mid,Onsite,73000,109500,91250,Azure; Excel; Power BI; Python; SQL; Tableau,2026-01-06,303
100024,Lead Data Analyst,Orbit Logistics,"Minneapolis, MN",Healthcare,Senior,Remote,82500,134500,108500,Excel; SQL; Statistics,2026-04-13,213
100025,Data Analyst Intern,Falcon Security,"Seattle, WA",Pharmaceuticals,Entry,Onsite,59000,85500,72250,Communication; Google Analytics; R; SQL,2026-01-27,347
100026,Business Data Analyst,Pinnacle Consulting,"Boston, MA",Telecommunications,Mid,Hybrid,72000,98500,85250,A/B Testing; AWS; Business Intelligence; Data Visualization; Excel; Statistics,2025-07-13,342
100027,Business Data Analyst,Meridian Energy,"Los Angeles, CA",Insurance,Mid,Onsite,78000,102500,90250,Azure; Business Intelligence; ETL; Excel; Google Analytics; Power BI; SQL,2025-11-13,24
100028,Senior Data Analyst,Crestline Airlines,"Minneapolis, MN",Manufacturing,Senior,Onsite,82000,128500,105250,Azure; Data Visualization; ETL; Excel; Machine Learning; SQL; Statistics,2026-04-02,356
100029,Business Data Analyst,Stellar Telecom,"Minneapolis, MN",Retail,Mid,Onsite,64000,89000,76500,Excel; SQL; Snowflake,2026-06-22,156
100030,Lead Data Analyst,Orbit Logistics,"Denver, CO",Media & Entertainment,Senior,Hybrid,87000,138000,112500,AWS; Excel; SQL; VBA,2025-11-24,112
100031,Financial Data Analyst,Granite Construction,"Philadelphia, PA",Energy,Mid,Hybrid,63500,91000,77250,Looker; Python; R; SQL,2026-05-14,176
100032,Senior Data Analyst,Sapphire Cloud Services,"Atlanta, GA",Hospitality,Senior,Remote,87500,120000,103750,Looker; Python; SQL,2026-04-21,104
100033,Financial Data Analyst,Skyline Real Estate,"Phoenix, AZ",Technology,Mid,Remote,60000,89500,74750,A/B Testing; Communication; R,2026-02-23,30
100034,Lead Data Analyst,Harborline Bank,"Chicago, IL",Education,Senior,Remote,92500,140500,116500,Business Intelligence; Communication; Excel; Google Analytics; Looker; SQL; Snowflake,2026-03-01,235
100035,Data Analytics Manager,Willow Hospitality,"Atlanta, GA",Real Estate,Senior,Hybrid,87000,126500,106750,Business Intelligence; Excel; Python; SQL,2026-04-03,46
100036,Junior Data Analyst,Orbit Logistics,"Atlanta, GA",Media & Entertainment,Entry,Hybrid,46000,59000,52500,Azure; Business Intelligence; Communication; Excel; Google Analytics; Power BI,2026-01-16,399
100037,Data Analyst Intern,Lighthouse Nonprofit,"New York, NY",Real Estate,Entry,Onsite,57000,79500,68250,A/B Testing; Communication; ETL; Excel; SQL,2025-07-15,204
100038,Marketing Data Analyst,Copperfield Auto,"Phoenix, AZ",Nonprofit,Mid,Remote,58500,80000,69250,Azure; ETL; Excel; Google Analytics; Python; SQL; VBA,2026-02-22,98
100039,Data Analyst,Pinnacle Consulting,"Phoenix, AZ",Manufacturing,Mid,Remote,57500,88000,72750,Communication; Data Modeling; Looker; Machine Learning; Python; SQL,2025-07-27,184
100040,Business Data Analyst,Amber Fashion Group,"Austin, TX",Telecommunications,Mid,Onsite,63000,90000,76500,Excel; SQL; Statistics; Tableau,2026-06-08,63
100041,Data Analyst Intern,Redwood Insurance,"Washington, DC",Nonprofit,Entry,Remote,51000,74000,62500,AWS; Power BI; SQL,2026-04-21,351
100042,Financial Data Analyst,Meridian Energy,"Denver, CO",Retail,Mid,Hybrid,66500,88500,77500,Communication; Data Visualization; Excel; Power BI; SQL,2025-08-05,264
100043,Marketing Data Analyst,Northwind Analytics,"Minneapolis, MN",Real Estate,Mid,Hybrid,60000,85500,72750,Communication; Excel; Machine Learning; R; Snowflake; Tableau,2026-03-05,243
100044,Financial Data Analyst,Sapphire Cloud Services,"Philadelphia, PA",Insurance,Mid,Hybrid,61500,98000,79750,A/B Testing; Data Modeling; ETL; Google Analytics; SQL,2025-10-02,254
100045,Business Data Analyst,Stellar Telecom,"Dallas, TX",Manufacturing,Mid,Remote,63500,95000,79250,A/B Testing; Data Visualization; Excel; Python; SQL; Snowflake; Statistics,2025-11-01,358
100046,Entry Level Data Analyst,Amber Fashion Group,"Raleigh, NC",Education,Entry,Onsite,41500,59000,50250,Data Visualization; Excel; SQL; VBA,2026-04-08,174
100047,Marketing Data Analyst,Lighthouse Nonprofit,"Washington, DC",Insurance,Mid,Remote,67500,104500,86000,Azure; Excel; R; SQL; Statistics,2026-04-28,394
100048,Lead Data Analyst,Crestline Airlines,"Remote, US",Retail,Senior,Onsite,86000,130500,108250,Azure; Excel; Machine Learning; SQL; Tableau,2025-07-28,288
100049,Data Analytics Manager,Lighthouse Nonprofit,"Seattle, WA",Hospitality,Senior,Onsite,106000,168500,137250,AWS; Business Intelligence; Excel; Google Analytics; Looker; Python; VBA,2026-03-02,63
100050,Senior Data Analyst,Meridian Energy,"Raleigh, NC",Retail,Senior,Hybrid,84000,117500,100750,A/B Testing; AWS; Communication; Data Modeling; Excel; Power BI; Python,2026-03-25,199
100051,Entry Level Data Analyst,Vantage Pharma,"Washington, DC",Insurance,Entry,Onsite,55000,71000,63000,Azure; Excel; Google Analytics; Machine Learning; Power BI; SQL; Statistics,2025-08-08,85
100052,Data Analyst,Brightpath Education,"Washington, DC",Nonprofit,Mid,Hybrid,68000,97000,82500,A/B Testing; Excel; Machine Learning; Python; SQL,2026-05-28,81
100053,Data Analytics Manager,Sapphire Cloud Services,"Seattle, WA",Retail,Senior,Remote,110000,162000,136000,AWS; Business Intelligence; Data Modeling; Data Visualization; Excel; Power BI; VBA,2026-03-10,229
100054,Senior Data Analyst,Crestline Airlines,"San Francisco, CA",Pharmaceuticals,Senior,Hybrid,116500,173000,144750,A/B Testing; SQL; VBA,2026-06-10,142
100055,Data Analyst Intern,BluePeak Retail,"Boston, MA",Education,Entry,Hybrid,53500,74000,63750,Data Visualization; Excel; Looker; Python; SQL; Statistics; VBA,2025-09-21,173
100056,Financial Data Analyst,Lighthouse Nonprofit,"Raleigh, NC",Insurance,Mid,Hybrid,58500,89000,73750,Excel; Python; SQL,2026-01-23,268
100057,Data Analyst,Copperfield Auto,"Miami, FL",Education,Mid,Hybrid,59500,87500,73500,Data Modeling; Excel; Machine Learning; SQL; Statistics; Tableau,2026-06-23,253
100058,Senior Data Analyst,Northwind Analytics,"Portland, OR",Telecommunications,Senior,Remote,86000,136500,111250,A/B Testing; Business Intelligence; Communication; Excel; Google Analytics; Power BI; Python,2026-03-13,371
100059,Data Analytics Manager,Aurora Biotech,"Dallas, TX",Media & Entertainment,Senior,Onsite,92000,125500,108750,Communication; Data Modeling; ETL; Excel; SQL; Snowflake; Statistics,2026-01-29,179
100060,Lead Data Analyst,Pinnacle Consulting,"New York, NY",Insurance,Senior,Onsite,111000,161500,136250,Azure; Business Intelligence; Data Visualization; Excel; Looker; SQL,2026-02-19,169
100061,Business Data Analyst,Lighthouse Nonprofit,"Atlanta, GA",Energy,Mid,Hybrid,63500,86000,74750,ETL; Excel; Looker; Tableau; VBA,2026-04-29,174
100062,Senior Data Analyst,Timberline Agriculture,"Washington, DC",Retail,Senior,Hybrid,96500,151000,123750,Excel; Google Analytics; Looker; Machine Learning; Python; SQL,2025-12-16,350
100063,Lead Data Analyst,Meridian Energy,"Los Angeles, CA",Hospitality,Senior,Hybrid,105000,161500,133250,A/B Testing; Python; SQL,2025-10-25,387
100064,Senior Data Analyst,Brightpath Education,"Chicago, IL",Telecommunications,Senior,Hybrid,97500,138500,118000,AWS; Excel; Google Analytics; SQL; VBA,2025-12-31,196
100065,Financial Data Analyst,Orbit Logistics,"Atlanta, GA",Logistics & Supply Chain,Mid,Hybrid,62000,83500,72750,A/B Testing; ETL; Excel; Python,2026-02-22,331
100066,Data Analytics Manager,Ironclad Manufacturing,"Dallas, TX",Hospitality,Senior,Remote,90000,138000,114000,AWS; Business Intelligence; Data Visualization; Excel; Google Analytics; Python; SQL,2025-12-02,106
100067,Financial Data Analyst,Timberline Agriculture,"Raleigh, NC",Retail,Mid,Remote,60000,86500,73250,Data Modeling; ETL; Excel; Machine Learning; SQL,2026-05-07,386
100068,Entry Level Data Analyst,Sapphire Cloud Services,"Remote, US",Telecommunications,Entry,Onsite,47500,65000,56250,Data Modeling; Excel; Machine Learning; Tableau,2025-12-06,230
100069,Data Analyst,TidalWave Gaming,"Charlotte, NC",Nonprofit,Mid,Remote,60500,80500,70500,Communication; Data Visualization; Machine Learning; SQL; Statistics; Tableau,2026-03-04,156
100070,Marketing Data Analyst,Granite Construction,"Chicago, IL",Education,Mid,Onsite,64000,103000,83500,Azure; Data Visualization; ETL; Excel; Python; SQL,2026-02-18,193
100071,Data Analytics Manager,TidalWave Gaming,"Phoenix, AZ",Real Estate,Senior,Hybrid,80000,125500,102750,A/B Testing; Azure; Google Analytics; Python; SQL; VBA,2026-06-24,159
100072,Financial Data Analyst,Cascade Health Systems,"Seattle, WA",Financial Services,Mid,Onsite,74500,110500,92500,Azure; Excel; SQL,2026-06-22,281
100073,Financial Data Analyst,TidalWave Gaming,"Seattle, WA",Pharmaceuticals,Mid,Hybrid,72500,110500,91500,A/B Testing; Business Intelligence; Data Visualization; Excel; Machine Learning; Statistics,2026-01-02,55
100074,Marketing Data Analyst,Nova Software,"Charlotte, NC",Financial Services,Mid,Hybrid,55000,78000,66500,Excel; Google Analytics; Power BI; Python; SQL; Statistics,2025-09-03,294
100075,Business Data Analyst,Vertex Financial Group,"Miami, FL",Technology,Mid,Hybrid,64500,85500,75000,Data Modeling; Machine Learning; SQL; Tableau,2026-04-03,133
100076,Junior Data Analyst,Cascade Health Systems,"New York, NY",Healthcare,Entry,Remote,58500,76500,67500,Excel; Machine Learning; R; SQL; Tableau,2026-02-01,274
100077,Senior Data Analyst,Falcon Security,"Austin, TX",Education,Senior,Hybrid,91000,141500,116250,A/B Testing; AWS; Data Modeling; Excel; SQL; VBA,2025-07-16,36
100078,Entry Level Data Analyst,Timberline Agriculture,"Phoenix, AZ",Media & Entertainment,Entry,Hybrid,43000,64500,53750,Excel; Google Analytics; SQL,2026-05-21,304
100079,Lead Data Analyst,Lighthouse Nonprofit,"Los Angeles, CA",Media & Entertainment,Senior,Onsite,102000,152000,127000,A/B Testing; Azure; Data Modeling; Power BI; SQL; Statistics; VBA,2026-01-21,217
100080,Senior Data Analyst,Quantum Robotics,"Minneapolis, MN",Manufacturing,Senior,Hybrid,82500,120000,101250,Azure; Communication; Data Modeling; Excel; SQL; VBA,2026-01-07,71
100081,Lead Data Analyst,BluePeak Retail,"Philadelphia, PA",Logistics & Supply Chain,Senior,Hybrid,90500,131500,111000,AWS; Data Visualization; Excel; Power BI; SQL; VBA,2026-03-04,119
100082,Senior Data Analyst,Stellar Telecom,"Miami, FL",Manufacturing,Senior,Remote,83000,124000,103500,Azure; Data Modeling; Excel; Machine Learning; SQL; VBA,2025-12-06,178
100083,Marketing Data Analyst,Northwind Analytics,"Boston, MA",Real Estate,Mid,Remote,75000,99000,87000,Excel; SQL; Snowflake,2025-09-19,194
100084,Data Analytics Manager,Falcon Security,"Los Angeles, CA",Telecommunications,Senior,Onsite,103000,161500,132250,Excel; Machine Learning; Python; SQL,2026-02-03,253
100085,Data Analyst Intern,Ironclad Manufacturing,"Minneapolis, MN",Insurance,Entry,Remote,44500,61500,53000,Excel; SQL; VBA,2025-10-21,207
100086,Data Analyst Intern,BluePeak Retail,"New York, NY",Technology,Entry,Remote,54500,75500,65000,AWS; Google Analytics; Looker; Power BI; SQL,2025-09-28,71
100087,Financial Data Analyst,Nova Software,"Atlanta, GA",Logistics & Supply Chain,Mid,Hybrid,62000,85500,73750,Business Intelligence; Communication; Excel; Python; SQL; VBA,2025-12-08,299
100088,Financial Data Analyst,TidalWave Gaming,"Phoenix, AZ",Nonprofit,Mid,Hybrid,57000,83500,70250,Business Intelligence; Data Visualization; Excel; Python; R,2026-04-28,210
100089,Lead Data Analyst,Vertex Financial Group,"Phoenix, AZ",Real Estate,Senior,Remote,79500,119500,99500,Power BI; SQL; Snowflake; VBA,2025-12-26,184
100090,Junior Data Analyst,Harborline Bank,"Chicago, IL",Healthcare,Entry,Remote,47500,66000,56750,Business Intelligence; Looker; R,2026-02-15,353
100091,Data Analyst Intern,Amber Fashion Group,"Portland, OR",Manufacturing,Entry,Onsite,49000,64000,56500,Business Intelligence; Excel; Looker,2025-12-28,264
100092,Senior Data Analyst,GreenLeaf Foods,"Washington, DC",Education,Senior,Remote,95500,142000,118750,Excel; SQL; Snowflake,2025-07-22,235
100093,Data Analyst Intern,Amber Fashion Group,"Denver, CO",Manufacturing,Entry,Hybrid,47000,71000,59000,Excel; Google Analytics; Power BI; Python; R; Snowflake,2026-02-10,229
100094,Lead Data Analyst,Aurora Biotech,"Portland, OR",Healthcare,Senior,Hybrid,95000,133500,114250,Azure; Excel; Google Analytics; Python; SQL,2026-06-13,202
100095,Data Analytics Manager,Pinnacle Consulting,"Portland, OR",Real Estate,Senior,Remote,85000,139000,112000,ETL; Excel; Python; SQL; Tableau,2025-12-16,70
100096,Lead Data Analyst,Vertex Financial Group,"Minneapolis, MN",Logistics & Supply Chain,Senior,Hybrid,82500,120500,101500,Excel; Google Analytics; Looker; Statistics,2025-11-29,56
100097,Lead Data Analyst,Willow Hospitality,"Miami, FL",Real Estate,Senior,Onsite,86000,132000,109000,Communication; Data Modeling; Data Visualization; ETL; R; Snowflake; Tableau,2025-09-23,374
100098,Entry Level Data Analyst,BluePeak Retail,"Minneapolis, MN",Manufacturing,Entry,Hybrid,43000,62500,52750,A/B Testing; AWS; Azure; Business Intelligence; VBA,2025-10-08,193
100099,Data Analyst Intern,Ironclad Manufacturing,"Washington, DC",Telecommunications,Entry,Remote,51000,73500,62250,Excel; Machine Learning; SQL; Tableau,2026-01-07,288
100100,Senior Data Analyst,Lighthouse Nonprofit,"Columbus, OH",Real Estate,Senior,Remote,73500,111000,92250,A/B Testing; Communication; Excel; Python; SQL; Tableau,2025-07-14,217
100101,Data Analyst,Meridian Energy,"Columbus, OH",Manufacturing,Mid,Remote,60000,79500,69750,Excel; Google Analytics; Power BI,2025-11-24,246
100102,Junior Data Analyst,Willow Hospitality,"Raleigh, NC",Education,Entry,Hybrid,46000,57500,51750,Azure; Excel; SQL; Snowflake,2025-12-02,67
100103,Data Analyst,Harborline Bank,"Minneapolis, MN",Hospitality,Mid,Onsite,60000,82500,71250,A/B Testing; Azure; Data Modeling; Excel; SQL; Snowflake,2026-02-05,5
100104,Data Analyst Intern,Stellar Telecom,"Atlanta, GA",Energy,Entry,Hybrid,45500,59000,52250,Azure; Excel; Python; Snowflake; VBA,2026-02-26,27
100105,Financial Data Analyst,Stellar Telecom,"Dallas, TX",Nonprofit,Mid,Remote,65000,88000,76500,Excel; Google Analytics; SQL,2026-05-26,94
100106,Entry Level Data Analyst,Lighthouse Nonprofit,"Raleigh, NC",Hospitality,Entry,Remote,41500,63500,52500,AWS; Azure; Business Intelligence; Data Modeling; SQL; Statistics,2026-03-21,208
100107,Lead Data Analyst,Skyline Real Estate,"Dallas, TX",Financial Services,Senior,Onsite,83000,127500,105250,Excel; Google Analytics; Machine Learning,2026-01-21,385
100108,Entry Level Data Analyst,Coral Reef Travel,"Phoenix, AZ",Manufacturing,Entry,Onsite,43000,61000,52000,AWS; Azure; Communication; Excel; Python; SQL; VBA,2025-08-22,45
100109,Marketing Data Analyst,Copperfield Auto,"Remote, US",Insurance,Mid,Hybrid,65500,87500,76500,Business Intelligence; Communication; Data Modeling; Excel; SQL; Tableau,2025-07-30,43
100110,Financial Data Analyst,Stellar Telecom,"Columbus, OH",Telecommunications,Mid,Onsite,53500,75500,64500,A/B Testing; ETL; Excel; Google Analytics; Python; SQL; Tableau,2026-01-13,295
100111,Data Analyst,Crestline Airlines,"Seattle, WA",Hospitality,Mid,Hybrid,75500,109500,92500,Excel; SQL; Tableau,2025-11-20,132
100112,Senior Data Analyst,Northwind Analytics,"Boston, MA",Education,Senior,Hybrid,107500,144500,126000,AWS; Looker; SQL; Statistics; VBA,2026-02-17,93
100113,Entry Level Data Analyst,Vertex Financial Group,"Los Angeles, CA",Hospitality,Entry,Hybrid,51000,77000,64000,Data Modeling; Data Visualization; Excel; SQL; Snowflake,2025-09-10,126
100114,Entry Level Data Analyst,Northwind Analytics,"Charlotte, NC",Logistics & Supply Chain,Entry,Hybrid,42000,64000,53000,AWS; Python; SQL; VBA,2026-03-03,274
100115,Financial Data Analyst,Willow Hospitality,"Minneapolis, MN",Real Estate,Mid,Hybrid,57500,85000,71250,Data Modeling; SQL; Snowflake,2026-04-09,332
100116,Data Analyst Intern,Summit Media Co,"Seattle, WA",Media & Entertainment,Entry,Hybrid,59000,83500,71250,AWS; Azure; Business Intelligence; Data Visualization; Google Analytics; R; SQL,2026-03-23,150
100117,Senior Data Analyst,Pinnacle Consulting,"Denver, CO",Hospitality,Senior,Onsite,86000,135500,110750,Google Analytics; Python; R; SQL; Snowflake; Tableau; VBA,2025-12-20,293
100118,Data Analyst,Sapphire Cloud Services,"New York, NY",Retail,Mid,Remote,78000,111500,94750,Communication; Looker; SQL; VBA,2026-04-06,153
100119,Data Analytics Manager,Skyline Real Estate,"Atlanta, GA",Telecommunications,Senior,Onsite,83000,125500,104250,Business Intelligence; Excel; SQL,2026-05-07,78
100120,Marketing Data Analyst,Timberline Agriculture,"Los Angeles, CA",Nonprofit,Mid,Onsite,72000,104500,88250,Azure; Excel; Google Analytics; Power BI; SQL,2025-11-04,77
100121,Senior Data Analyst,BluePeak Retail,"Remote, US",Media & Entertainment,Senior,Onsite,87500,142000,114750,Data Modeling; Excel; Google Analytics; VBA,2026-03-21,244
100122,Entry Level Data Analyst,Coral Reef Travel,"Remote, US",Education,Entry,Remote,50000,66500,58250,Data Visualization; Excel; SQL; VBA,2026-03-11,310
100123,Entry Level Data Analyst,GreenLeaf Foods,"Miami, FL",Financial Services,Entry,Onsite,45000,68000,56500,Azure; Data Modeling; Data Visualization; Excel; SQL,2025-10-08,190
100124,Lead Data Analyst,GreenLeaf Foods,"Austin, TX",Media & Entertainment,Senior,Hybrid,96000,135000,115500,Data Modeling; ETL; Excel; Power BI; R; Tableau; VBA,2026-01-04,391
100125,Junior Data Analyst,Redwood Insurance,"Portland, OR",Logistics & Supply Chain,Entry,Hybrid,45000,63000,54000,Business Intelligence; Excel; SQL; Snowflake; Tableau,2025-09-22,206
100126,Data Analyst Intern,Falcon Security,"Remote, US",Energy,Entry,Hybrid,49000,66500,57750,AWS; Data Visualization; Excel; Google Analytics; Looker; SQL; VBA,2026-01-30,303
100127,Data Analytics Manager,Granite Construction,"New York, NY",Energy,Senior,Hybrid,112500,166500,139500,A/B Testing; Excel; Google Analytics; Looker; Machine Learning; R; SQL,2026-01-11,80
100128,Business Data Analyst,BluePeak Retail,"Philadelphia, PA",Nonprofit,Mid,Remote,59500,89500,74500,Communication; Data Modeling; Snowflake; Statistics,2025-08-01,366
100129,Junior Data Analyst,Aurora Biotech,"Denver, CO",Logistics & Supply Chain,Entry,Hybrid,48000,66500,57250,Azure; Business Intelligence; Data Visualization; Google Analytics; SQL,2026-06-14,334
100130,Data Analytics Manager,Crestline Airlines,"Raleigh, NC",Technology,Senior,Onsite,80000,120000,100000,Azure; Google Analytics; Looker; SQL; Statistics,2025-11-18,152
100131,Senior Data Analyst,TidalWave Gaming,"Miami, FL",Media & Entertainment,Senior,Onsite,84500,126000,105250,Data Modeling; Excel; Python; SQL,2026-02-12,340
100132,Data Analytics Manager,Falcon Security,"Raleigh, NC",Technology,Senior,Remote,82500,131500,107000,A/B Testing; Azure; Excel; Power BI; SQL,2026-03-29,120
100133,Business Data Analyst,BluePeak Retail,"Chicago, IL",Media & Entertainment,Mid,Hybrid,66500,99000,82750,Azure; Communication; R; SQL,2026-03-01,249
100134,Business Data Analyst,Willow Hospitality,"Remote, US",Manufacturing,Mid,Remote,60000,95500,77750,Azure; Business Intelligence; Communication; Excel; Looker; R; SQL,2025-07-19,208
100135,Entry Level Data Analyst,Summit Media Co,"Remote, US",Pharmaceuticals,Entry,Remote,46000,67500,56750,AWS; Azure; Business Intelligence; Excel; Snowflake,2026-03-16,244
100136,Data Analytics Manager,Redwood Insurance,"Chicago, IL",Manufacturing,Senior,Remote,92500,134500,113500,AWS; Excel; Google Analytics; SQL,2026-05-24,212
100137,Financial Data Analyst,Aurora Biotech,"Los Angeles, CA",Retail,Mid,Hybrid,69500,113500,91500,A/B Testing; ETL; Excel; Google Analytics; Machine Learning; SQL,2025-11-14,173
100138,Data Analytics Manager,TidalWave Gaming,"Philadelphia, PA",Financial Services,Senior,Remote,87000,128000,107500,AWS; Excel; SQL,2026-06-26,399
100139,Data Analytics Manager,Lighthouse Nonprofit,"Chicago, IL",Hospitality,Senior,Onsite,90500,142000,116250,Data Modeling; Excel; Looker; SQL,2026-01-29,364
100140,Lead Data Analyst,Vantage Pharma,"Raleigh, NC",Telecommunications,Senior,Hybrid,84000,118500,101250,Excel; Python; SQL; Snowflake,2026-04-15,62
100141,Data Analyst,Sapphire Cloud Services,"Miami, FL",Pharmaceuticals,Mid,Hybrid,62500,84500,73500,Business Intelligence; Excel; Power BI; SQL; Statistics,2025-07-29,237
100142,Junior Data Analyst,Aurora Biotech,"Minneapolis, MN",Education,Entry,Hybrid,45000,64500,54750,Data Modeling; ETL; Excel; Machine Learning; SQL,2025-07-24,221
100143,Marketing Data Analyst,Lighthouse Nonprofit,"Austin, TX",Logistics & Supply Chain,Mid,Onsite,71000,90500,80750,AWS; Communication; ETL; R; SQL; Tableau,2026-02-01,196
100144,Financial Data Analyst,Ironclad Manufacturing,"Phoenix, AZ",Media & Entertainment,Mid,Remote,62500,89500,76000,ETL; Power BI; R; SQL,2025-10-23,6
100145,Data Analyst,GreenLeaf Foods,"Washington, DC",Hospitality,Mid,Hybrid,69500,99500,84500,Business Intelligence; Data Visualization; SQL; Tableau,2025-08-27,21
100146,Financial Data Analyst,Crestline Airlines,"New York, NY",Technology,Mid,Remote,72500,103000,87750,A/B Testing; Business Intelligence; Data Modeling; ETL; Machine Learning; Power BI; SQL,2025-07-29,76
100147,Lead Data Analyst,GreenLeaf Foods,"Atlanta, GA",Real Estate,Senior,Onsite,85000,128000,106500,AWS; Excel; SQL; Snowflake; Tableau,2026-04-12,307
100148,Junior Data Analyst,Amber Fashion Group,"Minneapolis, MN",Logistics & Supply Chain,Entry,Hybrid,47500,67000,57250,Azure; Communication; Google Analytics; Looker; SQL; Tableau,2026-02-28,128
100149,Business Data Analyst,GreenLeaf Foods,"Seattle, WA",Telecommunications,Mid,Hybrid,72000,109000,90500,A/B Testing; ETL; Excel; SQL; Snowflake; Tableau,2026-02-16,194
100150,Senior Data Analyst,Nova Software,"Denver, CO",Financial Services,Senior,Remote,90500,135000,112750,Excel; SQL; VBA,2025-12-18,160
100151,Data Analyst,Redwood Insurance,"Denver, CO",Nonprofit,Mid,Remote,68000,91500,79750,A/B Testing; ETL; SQL; Statistics,2026-01-11,243
100152,Lead Data Analyst,Amber Fashion Group,"Charlotte, NC",Insurance,Senior,Remote,79500,119500,99500,Excel; Google Analytics; SQL,2026-04-15,118
100153,Junior Data Analyst,Northwind Analytics,"Dallas, TX",Logistics & Supply Chain,Entry,Onsite,46500,64500,55500,A/B Testing; Excel; Google Analytics; SQL,2026-04-08,340
100154,Marketing Data Analyst,Pinnacle Consulting,"Raleigh, NC",Nonprofit,Mid,Hybrid,59000,81500,70250,Azure; Excel; Looker; R; Tableau,2026-05-25,35
100155,Lead Data Analyst,BluePeak Retail,"Austin, TX",Real Estate,Senior,Hybrid,96000,138000,117000,Excel; Python; SQL; Tableau,2026-01-08,35
100156,Data Analyst Intern,Amber Fashion Group,"Portland, OR",Pharmaceuticals,Entry,Hybrid,48000,63000,55500,Communication; Excel; Looker; Machine Learning; SQL; Snowflake; VBA,2026-06-23,350
100157,Financial Data Analyst,Granite Construction,"Boston, MA",Retail,Mid,Onsite,73500,102000,87750,Data Visualization; ETL; Excel; Machine Learning; R; Snowflake; VBA,2026-02-21,294
100158,Business Data Analyst,Lighthouse Nonprofit,"Atlanta, GA",Insurance,Mid,Hybrid,63500,89500,76500,ETL; Excel; SQL,2026-05-23,9
100159,Junior Data Analyst,Vertex Financial Group,"Raleigh, NC",Real Estate,Entry,Hybrid,45500,62500,54000,A/B Testing; Excel; SQL,2026-06-20,295
100160,Entry Level Data Analyst,Pinnacle Consulting,"San Francisco, CA",Pharmaceuticals,Entry,Remote,67000,95000,81000,AWS; Excel; Google Analytics; Python; R; SQL; Statistics,2026-06-30,208
100161,Senior Data Analyst,GreenLeaf Foods,"Boston, MA",Energy,Senior,Remote,106000,150500,128250,Data Visualization; ETL; Excel; Google Analytics; Python; SQL; Tableau,2026-02-09,123
100162,Senior Data Analyst,Quantum Robotics,"Portland, OR",Telecommunications,Senior,Hybrid,91500,145000,118250,Business Intelligence; Excel; Looker; Machine Learning; SQL,2026-01-09,226
100163,Junior Data Analyst,Copperfield Auto,"Philadelphia, PA",Hospitality,Entry,Hybrid,48500,64500,56500,Data Modeling; Machine Learning; SQL; Tableau,2025-09-17,383
100164,Financial Data Analyst,Quantum Robotics,"Charlotte, NC",Retail,Mid,Remote,60500,82000,71250,Excel; Python; R; SQL; Tableau,2026-01-25,57
100165,Data Analyst,Vertex Financial Group,"Charlotte, NC",Logistics & Supply Chain,Mid,Remote,58000,80500,69250,AWS; Communication; Data Visualization; ETL; Python; SQL,2025-11-02,297
100166,Lead Data Analyst,Summit Media Co,"Phoenix, AZ",Healthcare,Senior,Remote,79000,122000,100500,Communication; Excel; SQL,2025-08-09,189
100167,Data Analytics Manager,Harborline Bank,"Raleigh, NC",Energy,Senior,Hybrid,81500,117000,99250,ETL; Excel; Google Analytics,2025-12-19,225
100168,Data Analyst Intern,Orbit Logistics,"Remote, US",Manufacturing,Entry,Hybrid,48000,66000,57000,AWS; ETL; Google Analytics; Looker,2025-12-14,197
100169,Data Analytics Manager,Sapphire Cloud Services,"Phoenix, AZ",Manufacturing,Senior,Remote,82000,124000,103000,A/B Testing; Azure; Business Intelligence; Excel; R; SQL; Statistics,2026-06-20,40
100170,Financial Data Analyst,Copperfield Auto,"Raleigh, NC",Healthcare,Mid,Hybrid,57500,87500,72500,Business Intelligence; Data Modeling; Looker; Machine Learning; Python; SQL,2026-06-20,219
100171,Lead Data Analyst,BluePeak Retail,"Charlotte, NC",Nonprofit,Senior,Onsite,80000,122000,101000,A/B Testing; Excel; SQL,2026-04-15,335
100172,Financial Data Analyst,Willow Hospitality,"Los Angeles, CA",Telecommunications,Mid,Hybrid,68500,102000,85250,A/B Testing; Azure; Business Intelligence; Data Visualization; Excel; Snowflake; Statistics,2026-03-14,82
100173,Marketing Data Analyst,Northwind Analytics,"Raleigh, NC",Retail,Mid,Remote,62500,80500,71500,AWS; Data Visualization; Excel; Google Analytics,2025-12-26,248
100174,Senior Data Analyst,Ironclad Manufacturing,"Washington, DC",Manufacturing,Senior,Remote,91500,151000,121250,Google Analytics; Power BI; R,2026-03-22,94
100175,Lead Data Analyst,Summit Media Co,"Los Angeles, CA",Logistics & Supply Chain,Senior,Hybrid,101000,159500,130250,Communication; ETL; R; SQL,2025-10-10,235
100176,Data Analyst Intern,Brightpath Education,"Phoenix, AZ",Financial Services,Entry,Hybrid,41500,63500,52500,Excel; Power BI; SQL,2026-02-20,63
100177,Data Analytics Manager,Copperfield Auto,"Raleigh, NC",Logistics & Supply Chain,Senior,Onsite,80000,121500,100750,AWS; Azure; Business Intelligence; Data Visualization; Power BI; SQL,2025-11-30,319
100178,Data Analyst Intern,Vertex Financial Group,"Seattle, WA",Manufacturing,Entry,Remote,55000,76000,65500,Communication; ETL; Excel; SQL,2026-03-07,330
100179,Lead Data Analyst,Lighthouse Nonprofit,"Boston, MA",Logistics & Supply Chain,Senior,Remote,99000,146000,122500,Data Modeling; Data Visualization; Excel; Looker; Python; SQL,2025-10-08,201
100180,Lead Data Analyst,Aurora Biotech,"Raleigh, NC",Media & Entertainment,Senior,Hybrid,81500,130000,105750,A/B Testing; AWS; Excel; Python; R; SQL,2026-04-02,152
100181,Junior Data Analyst,Willow Hospitality,"Washington, DC",Energy,Entry,Onsite,53500,73500,63500,Machine Learning; Power BI; VBA,2026-01-04,282
100182,Data Analyst,Willow Hospitality,"Washington, DC",Logistics & Supply Chain,Mid,Remote,69500,104500,87000,Business Intelligence; Excel; Machine Learning; SQL,2025-08-14,229
100183,Senior Data Analyst,Willow Hospitality,"Atlanta, GA",Technology,Senior,Onsite,85000,123500,104250,Communication; ETL; Excel; R; Snowflake; Statistics; Tableau,2026-03-30,148
100184,Data Analyst Intern,Nova Software,"Boston, MA",Manufacturing,Entry,Onsite,52500,77000,64750,Azure; Communication; Excel; Google Analytics; Machine Learning; SQL; Tableau,2025-09-06,132
100185,Junior Data Analyst,Lighthouse Nonprofit,"Los Angeles, CA",Real Estate,Entry,Remote,56500,75000,65750,Communication; Excel; Machine Learning; SQL,2025-08-17,211
100186,Lead Data Analyst,Falcon Security,"Dallas, TX",Nonprofit,Senior,Onsite,85000,139000,112000,Business Intelligence; Data Visualization; Python; SQL; VBA,2026-03-31,208
100187,Business Data Analyst,Brightpath Education,"Denver, CO",Education,Mid,Remote,66500,90000,78250,Azure; Excel; Google Analytics; Looker; SQL; Tableau; VBA,2026-05-17,240
100188,Data Analyst,Cascade Health Systems,"Boston, MA",Education,Mid,Hybrid,78000,104500,91250,Excel; Machine Learning; R; SQL,2026-01-07,345
100189,Junior Data Analyst,BluePeak Retail,"Phoenix, AZ",Hospitality,Entry,Remote,44500,58500,51500,Excel; Power BI; SQL,2025-09-06,308
100190,Business Data Analyst,Aurora Biotech,"Washington, DC",Financial Services,Mid,Remote,68500,95500,82000,A/B Testing; ETL; Excel; Looker; Python; SQL,2025-08-22,57
100191,Marketing Data Analyst,Stellar Telecom,"Remote, US",Healthcare,Mid,Hybrid,66500,97000,81750,Excel; Python; SQL; Snowflake,2025-10-18,326
100192,Junior Data Analyst,Vantage Pharma,"Minneapolis, MN",Energy,Entry,Hybrid,47000,59000,53000,Excel; Power BI; SQL,2025-09-10,131
100193,Data Analytics Manager,Amber Fashion Group,"Austin, TX",Technology,Senior,Hybrid,94000,142000,118000,Excel; SQL; Statistics,2026-01-17,156
100194,Data Analyst,Granite Construction,"Atlanta, GA",Education,Mid,Hybrid,58500,89000,73750,Data Visualization; SQL; Snowflake,2025-09-06,203
100195,Data Analyst Intern,Brightpath Education,"Charlotte, NC",Logistics & Supply Chain,Entry,Hybrid,44000,63500,53750,Excel; SQL; VBA,2025-10-19,25
100196,Data Analyst,Granite Construction,"Phoenix, AZ",Logistics & Supply Chain,Mid,Remote,60500,88000,74250,Azure; Excel; Machine Learning; Python; SQL; Tableau,2026-03-19,109
100197,Junior Data Analyst,Nova Software,"Los Angeles, CA",Media & Entertainment,Entry,Hybrid,56000,78000,67000,Communication; Excel; SQL,2026-02-08,64
100198,Entry Level Data Analyst,Crestline Airlines,"Portland, OR",Financial Services,Entry,Remote,49500,70000,59750,Excel; SQL; Tableau,2025-12-25,272
100199,Lead Data Analyst,Granite Construction,"Dallas, TX",Healthcare,Senior,Hybrid,89500,137500,113500,Excel; Google Analytics; SQL,2025-08-02,139
100200,Data Analyst Intern,Amber Fashion Group,"Austin, TX",Education,Entry,Hybrid,48500,69500,59000,Business Intelligence; Data Modeling; Data Visualization; Excel; Machine Learning; Power BI; SQL,2026-03-18,6
100201,Data Analyst,Timberline Agriculture,"New York, NY",Technology,Mid,Remote,75000,117500,96250,Azure; Communication; Excel; SQL,2025-12-11,143
100202,Senior Data Analyst,TidalWave Gaming,"Charlotte, NC",Retail,Senior,Hybrid,84000,114000,99000,AWS; Business Intelligence; ETL; Excel; Python; SQL; VBA,2026-02-19,9
100203,Marketing Data Analyst,Redwood Insurance,"Remote, US",Energy,Mid,Onsite,66000,88500,77250,A/B Testing; Excel; Looker; SQL; Statistics,2025-10-28,282
100204,Marketing Data Analyst,Amber Fashion Group,"New York, NY",Manufacturing,Mid,Remote,78000,116000,97000,A/B Testing; Excel; SQL; Snowflake; Statistics,2025-09-11,369
100205,Data Analytics Manager,Vertex Financial Group,"San Francisco, CA",Pharmaceuticals,Senior,Remote,125000,177500,151250,Excel; Power BI; Python; SQL; Snowflake,2026-04-30,295
100206,Data Analyst,Brightpath Education,"Seattle, WA",Technology,Mid,Remote,80000,117500,98750,A/B Testing; Business Intelligence; Data Modeling; Excel; Google Analytics; Machine Learning,2025-09-08,399
100207,Data Analyst Intern,Cascade Health Systems,"Seattle, WA",Retail,Entry,Remote,56000,78500,67250,AWS; Azure; Business Intelligence; Excel; SQL; Statistics; Tableau,2026-06-17,160
100208,Data Analyst Intern,BluePeak Retail,"Denver, CO",Real Estate,Entry,Onsite,45000,68500,56750,AWS; ETL; Excel; Machine Learning; Snowflake,2025-09-28,20
100209,Financial Data Analyst,Timberline Agriculture,"Washington, DC",Logistics & Supply Chain,Mid,Onsite,68000,100500,84250,A/B Testing; Excel; Power BI; SQL,2025-09-05,106
100210,Financial Data Analyst,Stellar Telecom,"Austin, TX",Energy,Mid,Hybrid,70500,90500,80500,Business Intelligence; SQL; Tableau,2025-12-17,67
100211,Data Analyst,Ironclad Manufacturing,"San Francisco, CA",Healthcare,Mid,Onsite,85500,128500,107000,Communication; Data Visualization; ETL; Power BI; R; SQL,2025-11-18,148
100212,Entry Level Data Analyst,Coral Reef Travel,"Seattle, WA",Financial Services,Entry,Hybrid,57500,81500,69500,Azure; Excel; Looker; Python; SQL; Tableau,2026-01-31,107
100213,Lead Data Analyst,Harborline Bank,"Miami, FL",Telecommunications,Senior,Remote,84500,133000,108750,Data Visualization; Excel; Google Analytics; Looker; SQL; Snowflake,2026-05-02,117
100214,Data Analyst,Coral Reef Travel,"Dallas, TX",Financial Services,Mid,Onsite,62500,88500,75500,A/B Testing; Data Modeling; Machine Learning; Power BI; R; Snowflake; Tableau,2025-07-29,396
100215,Business Data Analyst,TidalWave Gaming,"Phoenix, AZ",Manufacturing,Mid,Onsite,62500,80500,71500,Data Visualization; Google Analytics; SQL; VBA,2025-12-28,295
100216,Data Analyst Intern,Orbit Logistics,"Philadelphia, PA",Technology,Entry,Onsite,49000,71000,60000,AWS; Excel; Looker; Power BI; Python; R; SQL,2026-05-05,117
100217,Data Analyst,Aurora Biotech,"Raleigh, NC",Financial Services,Mid,Hybrid,60000,89500,74750,Excel; Google Analytics; R; SQL; Tableau,2026-04-27,365
100218,Junior Data Analyst,Willow Hospitality,"Chicago, IL",Real Estate,Entry,Hybrid,48500,65500,57000,AWS; Azure; Google Analytics; Power BI; Python; VBA,2026-02-09,332
100219,Entry Level Data Analyst,Amber Fashion Group,"Los Angeles, CA",Healthcare,Entry,Hybrid,54500,80500,67500,A/B Testing; AWS; Data Modeling; ETL; Excel; R; SQL,2025-07-01,364
100220,Data Analyst Intern,Meridian Energy,"Philadelphia, PA",Financial Services,Entry,Remote,46000,69500,57750,Excel; Looker; Power BI; R; SQL; Tableau; VBA,2025-12-11,90
100221,Senior Data Analyst,Sapphire Cloud Services,"Los Angeles, CA",Education,Senior,Remote,98000,157500,127750,ETL; Excel; Machine Learning; Power BI; SQL,2026-02-10,380
100222,Financial Data Analyst,Summit Media Co,"Minneapolis, MN",Education,Mid,Onsite,59500,86000,72750,A/B Testing; Business Intelligence; Excel; Python; R; VBA,2025-12-11,138
100223,Senior Data Analyst,Vertex Financial Group,"Los Angeles, CA",Healthcare,Senior,Onsite,97000,143500,120250,Excel; Google Analytics; Looker,2026-05-31,89
100224,Data Analyst Intern,Coral Reef Travel,"Minneapolis, MN",Healthcare,Entry,Remote,43500,67500,55500,AWS; Data Modeling; Excel; Machine Learning; SQL; Snowflake,2026-04-08,256
100225,Junior Data Analyst,BluePeak Retail,"Charlotte, NC",Financial Services,Entry,Hybrid,41000,61000,51000,Excel; Looker; Power BI; Python; SQL; Statistics; VBA,2025-08-11,247
100226,Senior Data Analyst,GreenLeaf Foods,"Phoenix, AZ",Education,Senior,Hybrid,83000,115000,99000,Azure; Data Modeling; Data Visualization; Excel; Python; R; SQL,2025-11-12,120
100227,Data Analytics Manager,TidalWave Gaming,"San Francisco, CA",Healthcare,Senior,Onsite,122000,168500,145250,A/B Testing; Azure; Communication; ETL; Excel,2026-01-31,279
100228,Entry Level Data Analyst,TidalWave Gaming,"Atlanta, GA",Education,Entry,Remote,44000,66500,55250,Data Modeling; Snowflake; VBA,2026-05-14,80
100229,Senior Data Analyst,Willow Hospitality,"Washington, DC",Healthcare,Senior,Onsite,93000,140000,116500,Communication; Excel; Python; Tableau,2026-02-08,108
100230,Junior Data Analyst,Sapphire Cloud Services,"Portland, OR",Insurance,Entry,Remote,49500,71000,60250,Azure; Data Modeling; SQL,2026-03-24,239
100231,Data Analyst,Granite Construction,"Portland, OR",Energy,Mid,Hybrid,64500,92500,78500,Data Modeling; Excel; Power BI; SQL,2025-11-24,279
100232,Marketing Data Analyst,Coral Reef Travel,"Minneapolis, MN",Insurance,Mid,Hybrid,60500,89000,74750,Excel; Machine Learning; SQL,2026-06-21,210
100233,Data Analyst,Meridian Energy,"Los Angeles, CA",Nonprofit,Mid,Remote,76000,112500,94250,AWS; Azure; Google Analytics; Machine Learning; SQL,2026-06-22,355
100234,Senior Data Analyst,Timberline Agriculture,"Atlanta, GA",Healthcare,Senior,Remote,86500,131500,109000,Business Intelligence; Communication; Python; SQL; Statistics,2026-03-06,393
100235,Lead Data Analyst,Timberline Agriculture,"Charlotte, NC",Real Estate,Senior,Remote,82500,112000,97250,ETL; Excel; Power BI; R; SQL; Snowflake; Tableau,2025-07-30,132
100236,Data Analyst,Ironclad Manufacturing,"San Francisco, CA",Pharmaceuticals,Mid,Hybrid,83000,122000,102500,A/B Testing; ETL; Excel; Power BI; SQL; Snowflake,2026-02-14,95
100237,Entry Level Data Analyst,TidalWave Gaming,"Miami, FL",Manufacturing,Entry,Hybrid,47500,62000,54750,AWS; Excel; SQL,2026-04-19,114
100238,Business Data Analyst,Amber Fashion Group,"Atlanta, GA",Hospitality,Mid,Remote,62000,87500,74750,Excel; SQL; Tableau,2025-11-07,316
100239,Data Analytics Manager,Lighthouse Nonprofit,"Dallas, TX",Media & Entertainment,Senior,Onsite,90500,129500,110000,AWS; Excel; SQL; Snowflake,2026-06-05,196
100240,Lead Data Analyst,Amber Fashion Group,"Portland, OR",Energy,Senior,Remote,92500,135500,114000,Azure; Data Modeling; Excel; Google Analytics; SQL,2025-11-01,34
100241,Data Analyst Intern,Meridian Energy,"Los Angeles, CA",Hospitality,Entry,Remote,50500,76500,63500,Azure; Communication; ETL; Excel; SQL,2026-04-19,102
100242,Marketing Data Analyst,Falcon Security,"Atlanta, GA",Hospitality,Mid,Hybrid,63000,92500,77750,AWS; Azure; Excel; R; SQL,2025-11-10,376
100243,Lead Data Analyst,Willow Hospitality,"Boston, MA",Hospitality,Senior,Onsite,104000,147000,125500,Communication; Excel; Google Analytics; SQL,2025-08-30,245
100244,Data Analyst,Timberline Agriculture,"Philadelphia, PA",Energy,Mid,Onsite,60000,97500,78750,AWS; Communication; ETL; Looker; Power BI; SQL; Snowflake,2025-09-09,107
100245,Marketing Data Analyst,Brightpath Education,"Philadelphia, PA",Pharmaceuticals,Mid,Onsite,63500,89500,76500,Excel; Google Analytics; Looker; SQL,2026-02-17,145
100246,Business Data Analyst,Willow Hospitality,"Boston, MA",Energy,Mid,Onsite,73500,110000,91750,Communication; SQL; VBA,2026-01-13,7
100247,Data Analyst,Nova Software,"Denver, CO",Nonprofit,Mid,Hybrid,59500,89500,74500,A/B Testing; Data Visualization; Excel; SQL; Snowflake; Statistics; VBA,2025-08-22,201
100248,Lead Data Analyst,TidalWave Gaming,"Remote, US",Healthcare,Senior,Remote,83000,141500,112250,Communication; Data Modeling; Excel; Google Analytics; Snowflake; Tableau,2025-10-05,89
100249,Financial Data Analyst,Northwind Analytics,"Atlanta, GA",Technology,Mid,Onsite,57500,90500,74000,Data Visualization; Excel; Google Analytics; Power BI; R; SQL; Statistics,2026-03-31,324
100250,Data Analyst,Crestline Airlines,"San Francisco, CA",Hospitality,Mid,Remote,90000,116000,103000,Business Intelligence; Excel; SQL,2026-06-25,83
100251,Business Data Analyst,Lighthouse Nonprofit,"New York, NY",Insurance,Mid,Hybrid,72500,111000,91750,Communication; Data Modeling; Excel; Power BI; Snowflake; Tableau; VBA,2026-03-12,106
100252,Data Analyst Intern,Redwood Insurance,"Dallas, TX",Real Estate,Entry,Hybrid,44500,67000,55750,Azure; Excel; Looker; SQL; Statistics,2026-03-04,174
100253,Business Data Analyst,Northwind Analytics,"New York, NY",Hospitality,Mid,Remote,72500,111500,92000,Excel; Power BI; Python; SQL; Snowflake; VBA,2025-11-29,140
100254,Entry Level Data Analyst,BluePeak Retail,"Chicago, IL",Real Estate,Entry,Remote,46500,67500,57000,Communication; Excel; Power BI; SQL; VBA,2025-09-09,344
100255,Junior Data Analyst,Quantum Robotics,"Charlotte, NC",Pharmaceuticals,Entry,Hybrid,43000,63000,53000,Excel; Google Analytics; SQL,2026-02-19,144
100256,Financial Data Analyst,Lighthouse Nonprofit,"Raleigh, NC",Telecommunications,Mid,Hybrid,62500,81500,72000,Communication; Excel; Power BI; R,2026-03-05,296
100257,Entry Level Data Analyst,Summit Media Co,"Portland, OR",Media & Entertainment,Entry,Onsite,48500,71500,60000,Data Modeling; Excel; Power BI; SQL,2026-06-01,165
100258,Data Analyst,Lighthouse Nonprofit,"Columbus, OH",Telecommunications,Mid,Onsite,58000,77500,67750,A/B Testing; Communication; Data Modeling; Power BI; SQL,2026-05-25,202
100259,Junior Data Analyst,Sapphire Cloud Services,"Miami, FL",Pharmaceuticals,Entry,Onsite,43000,65500,54250,Excel; Looker; SQL; VBA,2025-11-01,174
100260,Data Analytics Manager,BluePeak Retail,"Columbus, OH",Technology,Senior,Hybrid,76500,122500,99500,Data Modeling; Excel; SQL,2025-12-09,65
100261,Entry Level Data Analyst,Falcon Security,"New York, NY",Retail,Entry,Hybrid,53000,80500,66750,AWS; SQL; Snowflake,2026-02-19,179
100262,Marketing Data Analyst,Sapphire Cloud Services,"San Francisco, CA",Real Estate,Mid,Remote,85500,125500,105500,Business Intelligence; Data Visualization; ETL; Excel; Looker; Power BI; SQL,2025-07-02,179
100263,Marketing Data Analyst,Sapphire Cloud Services,"Remote, US",Logistics & Supply Chain,Mid,Hybrid,65500,86000,75750,Communication; Excel; SQL; Tableau,2025-08-31,206
100264,Business Data Analyst,Ironclad Manufacturing,"Denver, CO",Nonprofit,Mid,Hybrid,66000,86000,76000,A/B Testing; Business Intelligence; Excel; Power BI; Snowflake; Tableau; VBA,2025-07-25,288
100265,Financial Data Analyst,Sapphire Cloud Services,"Philadelphia, PA",Education,Mid,Onsite,66000,97500,81750,ETL; Excel; Google Analytics; Machine Learning; Power BI; SQL; Tableau,2026-06-20,395
100266,Business Data Analyst,Pinnacle Consulting,"Phoenix, AZ",Manufacturing,Mid,Onsite,58500,80000,69250,AWS; Google Analytics; Power BI; SQL; Snowflake; Statistics,2026-06-17,181
100267,Junior Data Analyst,Lighthouse Nonprofit,"Boston, MA",Logistics & Supply Chain,Entry,Hybrid,55000,78500,66750,AWS; Azure; Communication; Excel; Looker,2025-07-13,200
100268,Junior Data Analyst,BluePeak Retail,"San Francisco, CA",Technology,Entry,Remote,66000,96000,81000,AWS; Excel; SQL; Statistics; VBA,2026-02-17,57
100269,Data Analyst Intern,Timberline Agriculture,"Miami, FL",Real Estate,Entry,Remote,46500,63500,55000,Azure; Communication; ETL; Excel; Google Analytics; SQL; Snowflake,2026-04-09,32
100270,Data Analyst,Falcon Security,"Dallas, TX",Technology,Mid,Hybrid,65000,95000,80000,Azure; Data Visualization; Statistics; VBA,2025-11-28,234
100271,Junior Data Analyst,Copperfield Auto,"Austin, TX",Healthcare,Entry,Onsite,51000,66000,58500,Excel; Machine Learning; SQL,2025-11-08,7
100272,Marketing Data Analyst,Ironclad Manufacturing,"Seattle, WA",Financial Services,Mid,Remote,75000,103000,89000,Azure; Data Visualization; ETL; Excel; Looker; Python; SQL,2025-10-03,271
100273,Senior Data Analyst,Granite Construction,"Columbus, OH",Healthcare,Senior,Hybrid,78000,110000,94000,Data Visualization; Google Analytics; SQL; VBA,2026-05-13,276
100274,Entry Level Data Analyst,Nova Software,"New York, NY",Retail,Entry,Hybrid,56000,84500,70250,A/B Testing; Business Intelligence; Data Modeling; ETL; Excel; Google Analytics; Looker,2026-01-14,136
100275,Lead Data Analyst,Falcon Security,"Remote, US",Financial Services,Senior,Onsite,92000,130500,111250,AWS; Excel; Looker; Machine Learning; R; SQL; Statistics,2025-08-19,90
100276,Lead Data Analyst,Nova Software,"New York, NY",Hospitality,Senior,Remote,108500,166000,137250,Azure; Communication; Excel; Python; SQL; Statistics,2025-12-17,24
100277,Senior Data Analyst,Vertex Financial Group,"San Francisco, CA",Healthcare,Senior,Onsite,120500,181500,151000,Communication; ETL; Excel; SQL,2025-07-09,204
100278,Senior Data Analyst,Nova Software,"New York, NY",Hospitality,Senior,Onsite,100000,165500,132750,Data Visualization; SQL; Snowflake,2025-12-02,315
100279,Senior Data Analyst,GreenLeaf Foods,"Washington, DC",Media & Entertainment,Senior,Hybrid,99500,146000,122750,A/B Testing; AWS; ETL; Google Analytics; Looker; Tableau; VBA,2026-05-28,196
100280,Data Analyst,Nova Software,"Miami, FL",Healthcare,Mid,Remote,58000,90500,74250,AWS; Azure; Data Visualization; Power BI; Python; Snowflake; Statistics,2025-09-11,87
100281,Junior Data Analyst,Harborline Bank,"Portland, OR",Real Estate,Entry,Remote,45500,69500,57500,AWS; Azure; Business Intelligence; Excel; Google Analytics; Python; SQL,2026-04-24,254
100282,Marketing Data Analyst,Stellar Telecom,"Seattle, WA",Hospitality,Mid,Hybrid,72500,112500,92500,Business Intelligence; Excel; Looker; SQL,2026-04-26,83
100283,Data Analyst Intern,TidalWave Gaming,"Charlotte, NC",Telecommunications,Entry,Remote,42000,55500,48750,Communication; Data Visualization; Machine Learning; SQL,2026-03-03,241
100284,Entry Level Data Analyst,Stellar Telecom,"Remote, US",Education,Entry,Hybrid,45000,67500,56250,Azure; Machine Learning; Python; SQL; Statistics,2026-03-17,328
100285,Data Analyst,Sapphire Cloud Services,"Philadelphia, PA",Energy,Mid,Hybrid,64500,97500,81000,Azure; Looker; R; SQL; Statistics; Tableau; VBA,2025-11-26,73
100286,Entry Level Data Analyst,Aurora Biotech,"Columbus, OH",Retail,Entry,Hybrid,41500,60000,50750,AWS; Business Intelligence; Data Modeling; Python; R; Snowflake; Tableau,2025-09-13,381
100287,Entry Level Data Analyst,Stellar Telecom,"San Francisco, CA",Technology,Entry,Onsite,61500,86500,74000,Data Visualization; SQL; Snowflake; Statistics,2025-07-24,25
100288,Marketing Data Analyst,Cascade Health Systems,"Columbus, OH",Hospitality,Mid,Onsite,58500,78000,68250,AWS; Azure; Data Visualization; ETL; Excel; R; VBA,2025-11-06,197
100289,Business Data Analyst,Aurora Biotech,"Phoenix, AZ",Manufacturing,Mid,Onsite,57500,88500,73000,Business Intelligence; Excel; Power BI; R; SQL; Snowflake; Tableau,2026-03-21,334
100290,Data Analytics Manager,Redwood Insurance,"Seattle, WA",Healthcare,Senior,Remote,107500,167000,137250,Excel; Google Analytics; Power BI; SQL,2026-04-29,87
100291,Financial Data Analyst,Northwind Analytics,"Atlanta, GA",Financial Services,Mid,Remote,61500,82500,72000,Azure; Data Modeling; Excel; R; SQL; Tableau; VBA,2026-04-15,331
100292,Data Analyst,Coral Reef Travel,"Remote, US",Retail,Mid,Remote,64500,91500,78000,A/B Testing; Communication; Data Modeling; Excel; SQL; Tableau,2026-06-17,180
100293,Entry Level Data Analyst,Crestline Airlines,"Philadelphia, PA",Retail,Entry,Remote,46500,62500,54500,Communication; Data Modeling; Excel; SQL,2026-05-11,312
100294,Data Analyst,Coral Reef Travel,"Miami, FL",Logistics & Supply Chain,Mid,Onsite,58500,91500,75000,Azure; Communication; Data Modeling; Excel; R; SQL; Snowflake,2026-03-29,224
100295,Business Data Analyst,Granite Construction,"Raleigh, NC",Telecommunications,Mid,Onsite,58000,89500,73750,Communication; ETL; Excel; Looker; Machine Learning; Power BI; Tableau,2026-05-03,283
100296,Financial Data Analyst,Pinnacle Consulting,"Denver, CO",Financial Services,Mid,Hybrid,66000,93000,79500,ETL; SQL; Snowflake,2026-06-18,166
100297,Financial Data Analyst,Stellar Telecom,"Chicago, IL",Healthcare,Mid,Hybrid,67500,93000,80250,Data Visualization; ETL; Looker; Machine Learning; Power BI; SQL; VBA,2026-03-05,96
100298,Marketing Data Analyst,Nova Software,"Miami, FL",Education,Mid,Remote,60500,87000,73750,A/B Testing; Business Intelligence; Excel; Power BI; R; SQL,2026-01-22,178
100299,Lead Data Analyst,Crestline Airlines,"San Francisco, CA",Healthcare,Senior,Hybrid,121500,187500,154500,Communication; Excel; Python; SQL,2026-05-08,24
100300,Financial Data Analyst,Vantage Pharma,"Phoenix, AZ",Energy,Mid,Hybrid,57000,90500,73750,Business Intelligence; Looker; SQL,2026-03-23,151
100301,Business Data Analyst,BluePeak Retail,"Portland, OR",Logistics & Supply Chain,Mid,Hybrid,62500,89500,76000,A/B Testing; Data Visualization; SQL,2025-08-14,146
100302,Financial Data Analyst,Stellar Telecom,"Phoenix, AZ",Media & Entertainment,Mid,Hybrid,59000,87500,73250,Azure; Excel; SQL,2026-04-25,183
100303,Marketing Data Analyst,Sapphire Cloud Services,"Dallas, TX",Technology,Mid,Hybrid,60000,96000,78000,Communication; Excel; Machine Learning; Power BI; R; SQL; VBA,2026-03-15,155
100304,Marketing Data Analyst,Cascade Health Systems,"Columbus, OH",Insurance,Mid,Onsite,58500,82000,70250,A/B Testing; Excel; Google Analytics; Looker; SQL; VBA,2026-04-27,19
100305,Entry Level Data Analyst,Cascade Health Systems,"Dallas, TX",Retail,Entry,Hybrid,48000,62500,55250,Communication; Data Visualization; SQL; Snowflake,2025-11-12,132
100306,Data Analytics Manager,Vertex Financial Group,"Phoenix, AZ",Hospitality,Senior,Onsite,79500,123500,101500,Data Visualization; Excel; Google Analytics; Looker,2026-06-15,102
100307,Entry Level Data Analyst,Falcon Security,"Denver, CO",Technology,Entry,Onsite,49500,63500,56500,Data Visualization; Excel; SQL; Tableau,2026-06-05,257
100308,Data Analyst Intern,Northwind Analytics,"Miami, FL",Financial Services,Entry,Onsite,45000,62500,53750,Data Modeling; Excel; Looker; Machine Learning; R; Snowflake; Statistics,2026-03-27,221
100309,Entry Level Data Analyst,Nova Software,"San Francisco, CA",Logistics & Supply Chain,Entry,Hybrid,66500,93500,80000,Business Intelligence; Google Analytics; Looker; Power BI; SQL; Snowflake,2026-01-11,302
100310,Senior Data Analyst,Quantum Robotics,"Charlotte, NC",Energy,Senior,Onsite,76000,115500,95750,Data Visualization; Excel; Google Analytics; R; SQL,2026-01-07,191
100311,Financial Data Analyst,Pinnacle Consulting,"Washington, DC",Healthcare,Mid,Hybrid,74500,104000,89250,A/B Testing; Excel; SQL,2025-09-13,383
100312,Junior Data Analyst,Skyline Real Estate,"New York, NY",Healthcare,Entry,Hybrid,53500,84500,69000,AWS; Data Modeling; Excel; Google Analytics; Looker; Machine Learning; SQL,2026-06-19,88
100313,Data Analyst,Redwood Insurance,"Dallas, TX",Education,Mid,Onsite,59000,93500,76250,Azure; Data Modeling; Excel; Machine Learning; SQL,2026-06-13,315
100314,Business Data Analyst,TidalWave Gaming,"Philadelphia, PA",Hospitality,Mid,Hybrid,61000,96000,78500,Business Intelligence; Excel; Looker; SQL; Snowflake,2026-05-20,79
100315,Junior Data Analyst,Amber Fashion Group,"Los Angeles, CA",Media & Entertainment,Entry,Hybrid,54500,80500,67500,Excel; R; SQL,2025-11-27,368
100316,Data Analytics Manager,Crestline Airlines,"Phoenix, AZ",Insurance,Senior,Onsite,84500,130000,107250,Azure; Business Intelligence; Communication; Data Modeling; Excel; R; Snowflake,2025-10-29,343
100317,Data Analytics Manager,Falcon Security,"Austin, TX",Technology,Senior,Remote,88000,130500,109250,Azure; ETL; Excel; Python; SQL; VBA,2025-11-12,321
100318,Junior Data Analyst,Vertex Financial Group,"Phoenix, AZ",Insurance,Entry,Remote,44500,60500,52500,Excel; R; Snowflake; Tableau,2025-12-30,171
100319,Entry Level Data Analyst,Ironclad Manufacturing,"Miami, FL",Pharmaceuticals,Entry,Remote,45500,69000,57250,AWS; Azure; Business Intelligence; Communication; Excel; SQL; VBA,2025-08-15,231
100320,Data Analytics Manager,Stellar Telecom,"Minneapolis, MN",Insurance,Senior,Remote,78500,127000,102750,AWS; Data Visualization; Looker; SQL,2026-03-09,391
100321,Entry Level Data Analyst,GreenLeaf Foods,"New York, NY",Telecommunications,Entry,Hybrid,55000,76500,65750,Data Visualization; Excel; SQL,2026-01-19,132
100322,Junior Data Analyst,Lighthouse Nonprofit,"Phoenix, AZ",Real Estate,Entry,Hybrid,42000,60500,51250,AWS; Machine Learning; SQL; VBA,2025-10-02,74
100323,Data Analytics Manager,Cascade Health Systems,"Washington, DC",Energy,Senior,Hybrid,100000,146000,123000,Data Modeling; Excel; R; SQL; Tableau,2025-08-22,149
100324,Data Analytics Manager,Orbit Logistics,"Washington, DC",Nonprofit,Senior,Remote,92000,136000,114000,AWS; Communication; Excel; Google Analytics,2025-07-17,174
100325,Senior Data Analyst,Sapphire Cloud Services,"Seattle, WA",Financial Services,Senior,Remote,104500,160500,132500,ETL; Excel; Machine Learning; Statistics,2026-07-01,132
100326,Financial Data Analyst,Willow Hospitality,"Washington, DC",Technology,Mid,Onsite,66000,100500,83250,Looker; SQL; Statistics,2025-12-13,86
100327,Data Analyst,Falcon Security,"Miami, FL",Logistics & Supply Chain,Mid,Remote,61500,86500,74000,A/B Testing; Excel; Power BI; SQL; Statistics,2025-11-19,304
100328,Senior Data Analyst,Meridian Energy,"Atlanta, GA",Financial Services,Senior,Onsite,85000,130000,107500,A/B Testing; Data Visualization; Excel; Python; R; SQL; Snowflake,2025-12-21,393
100329,Data Analyst,BluePeak Retail,"Charlotte, NC",Hospitality,Mid,Remote,57500,78000,67750,Azure; Business Intelligence; Data Visualization; Google Analytics; SQL; Snowflake,2025-12-31,375
100330,Junior Data Analyst,Pinnacle Consulting,"San Francisco, CA",Education,Entry,Hybrid,64000,90500,77250,Data Visualization; Google Analytics; R; SQL; Snowflake; VBA,2026-05-03,288
100331,Junior Data Analyst,Vertex Financial Group,"Columbus, OH",Healthcare,Entry,Hybrid,43000,58500,50750,AWS; Data Modeling; ETL; R; SQL; Snowflake,2026-05-14,127
100332,Marketing Data Analyst,Falcon Security,"Austin, TX",Hospitality,Mid,Onsite,70000,92000,81000,AWS; Communication; Excel; Google Analytics; SQL; Tableau,2026-06-03,39
100333,Data Analyst,Sapphire Cloud Services,"Seattle, WA",Healthcare,Mid,Onsite,73500,110000,91750,Excel; SQL; VBA,2026-06-25,307
100334,Data Analytics Manager,BluePeak Retail,"Charlotte, NC",Technology,Senior,Hybrid,75000,127000,101000,Business Intelligence; Excel; Python; SQL,2026-01-29,193
100335,Data Analyst,Sapphire Cloud Services,"Portland, OR",Insurance,Mid,Hybrid,67000,98500,82750,Excel; SQL; Snowflake,2026-01-14,102
100336,Business Data Analyst,Aurora Biotech,"Atlanta, GA",Energy,Mid,Hybrid,58000,90500,74250,Business Intelligence; Communication; Data Visualization; SQL; Snowflake; VBA,2026-04-08,210
100337,Lead Data Analyst,Quantum Robotics,"Boston, MA",Logistics & Supply Chain,Senior,Onsite,101000,149500,125250,Azure; Communication; Data Visualization; Excel; Google Analytics,2025-11-01,293
100338,Lead Data Analyst,Redwood Insurance,"Phoenix, AZ",Telecommunications,Senior,Hybrid,84000,120000,102000,AWS; Business Intelligence; ETL; Excel; Looker; SQL,2025-07-09,270
100339,Junior Data Analyst,Coral Reef Travel,"Remote, US",Financial Services,Entry,Remote,45500,70000,57750,Azure; SQL; Snowflake,2025-09-18,53
100340,Data Analyst,Ironclad Manufacturing,"Charlotte, NC",Healthcare,Mid,Remote,56500,84000,70250,AWS; Excel; Python; SQL,2025-08-09,375
100341,Marketing Data Analyst,Granite Construction,"Raleigh, NC",Healthcare,Mid,Hybrid,62500,88000,75250,AWS; Excel; SQL,2026-04-22,200
100342,Senior Data Analyst,Willow Hospitality,"San Francisco, CA",Pharmaceuticals,Senior,Onsite,117000,188000,152500,A/B Testing; ETL; Excel; Power BI; SQL; Tableau,2026-03-26,26
100343,Marketing Data Analyst,Nova Software,"Philadelphia, PA",Healthcare,Mid,Hybrid,65500,87500,76500,A/B Testing; Excel; Python; SQL; Snowflake; VBA,2025-09-06,177
100344,Senior Data Analyst,Skyline Real Estate,"Philadelphia, PA",Nonprofit,Senior,Remote,87000,125000,106000,A/B Testing; Excel; Looker; SQL; Statistics; Tableau; VBA,2026-05-12,381
100345,Lead Data Analyst,Harborline Bank,"Atlanta, GA",Retail,Senior,Remote,83000,130000,106500,Azure; Communication; Data Visualization; Excel; Power BI; R; SQL,2025-07-13,399
100346,Data Analytics Manager,Summit Media Co,"Charlotte, NC",Energy,Senior,Onsite,82500,122000,102250,A/B Testing; Data Visualization; Excel; SQL; Statistics; Tableau,2025-07-28,129
100347,Data Analyst Intern,Vantage Pharma,"Seattle, WA",Real Estate,Entry,Onsite,55000,78000,66500,Business Intelligence; Excel; SQL,2026-04-02,113
100348,Business Data Analyst,Nova Software,"Columbus, OH",Telecommunications,Mid,Remote,56000,83500,69750,ETL; Excel; SQL; Snowflake,2025-11-08,92
100349,Data Analyst,GreenLeaf Foods,"Denver, CO",Telecommunications,Mid,Hybrid,62000,91500,76750,ETL; Machine Learning; SQL,2026-01-01,60
100350,Data Analyst,GreenLeaf Foods,"Phoenix, AZ",Technology,Mid,Onsite,58500,87000,72750,Azure; Excel; Python; R; SQL,2026-06-30,16
100351,Data Analyst,Harborline Bank,"Columbus, OH",Insurance,Mid,Hybrid,55500,77000,66250,A/B Testing; AWS; Data Modeling; Data Visualization; Excel,2026-01-15,20
100352,Lead Data Analyst,Pinnacle Consulting,"Atlanta, GA",Healthcare,Senior,Hybrid,83000,119500,101250,A/B Testing; Communication; Snowflake; Statistics; Tableau; VBA,2025-12-16,234
100353,Lead Data Analyst,Orbit Logistics,"Denver, CO",Hospitality,Senior,Remote,89000,139000,114000,AWS; Communication; Snowflake; Tableau,2025-09-13,340
100354,Data Analyst Intern,Vantage Pharma,"Boston, MA",Manufacturing,Entry,Remote,54500,79000,66750,Data Modeling; Google Analytics; SQL; Tableau,2026-01-28,215
100355,Data Analytics Manager,Ironclad Manufacturing,"Dallas, TX",Healthcare,Senior,Onsite,82000,124500,103250,A/B Testing; Azure; Data Modeling; Excel; Google Analytics; Machine Learning; Snowflake,2026-06-18,249
100356,Junior Data Analyst,Aurora Biotech,"Portland, OR",Education,Entry,Hybrid,47000,71000,59000,A/B Testing; Excel; Looker; R; Statistics; Tableau,2025-07-08,143
100357,Financial Data Analyst,Harborline Bank,"Denver, CO",Telecommunications,Mid,Remote,61000,98000,79500,A/B Testing; Business Intelligence; Excel; Google Analytics; Looker; SQL,2026-01-11,373
100358,Marketing Data Analyst,Meridian Energy,"Portland, OR",Nonprofit,Mid,Hybrid,65500,96000,80750,Business Intelligence; Power BI; SQL,2025-11-03,270
100359,Lead Data Analyst,Meridian Energy,"San Francisco, CA",Logistics & Supply Chain,Senior,Hybrid,123500,192000,157750,AWS; Business Intelligence; ETL; Excel,2025-09-24,221
100360,Data Analytics Manager,Crestline Airlines,"San Francisco, CA",Nonprofit,Senior,Hybrid,114000,188500,151250,Excel; Power BI; R; SQL; Snowflake; Tableau,2025-09-30,237
100361,Data Analyst Intern,Coral Reef Travel,"Denver, CO",Pharmaceuticals,Entry,Hybrid,45500,68000,56750,Data Modeling; Excel; Python; SQL,2026-06-28,201
100362,Lead Data Analyst,Crestline Airlines,"Boston, MA",Media & Entertainment,Senior,Hybrid,95500,145500,120500,Data Modeling; Excel; R; Tableau; VBA,2025-12-05,163
100363,Entry Level Data Analyst,GreenLeaf Foods,"Boston, MA",Retail,Entry,Onsite,57500,71000,64250,Azure; Business Intelligence; Excel; Looker; SQL,2026-03-10,126
100364,Business Data Analyst,TidalWave Gaming,"Raleigh, NC",Education,Mid,Hybrid,56000,87000,71500,Data Modeling; Excel; Machine Learning; SQL,2026-05-31,183
100365,Data Analyst,Orbit Logistics,"San Francisco, CA",Hospitality,Mid,Hybrid,87500,121000,104250,Communication; Excel; Power BI,2025-09-21,349
100366,Data Analytics Manager,Crestline Airlines,"Portland, OR",Energy,Senior,Onsite,86500,135000,110750,AWS; Data Visualization; Excel; Google Analytics; Python; R; Statistics,2026-02-04,286
100367,Senior Data Analyst,GreenLeaf Foods,"Raleigh, NC",Healthcare,Senior,Remote,86000,120500,103250,AWS; Excel; Power BI; SQL; Statistics; VBA,2026-05-19,275
100368,Senior Data Analyst,Skyline Real Estate,"Portland, OR",Pharmaceuticals,Senior,Onsite,92500,134000,113250,Data Visualization; Excel; SQL; Snowflake; Tableau,2026-03-10,97
100369,Data Analyst Intern,Harborline Bank,"Remote, US",Technology,Entry,Remote,44000,67500,55750,Communication; Excel; SQL,2026-05-23,113
100370,Data Analyst,Amber Fashion Group,"Denver, CO",Nonprofit,Mid,Remote,66000,89500,77750,Azure; Google Analytics; Power BI; R; SQL; Statistics; VBA,2026-05-12,19
100371,Junior Data Analyst,Redwood Insurance,"Los Angeles, CA",Real Estate,Entry,Hybrid,55500,81000,68250,Data Modeling; Looker; SQL,2026-04-01,176
100372,Entry Level Data Analyst,Granite Construction,"Minneapolis, MN",Pharmaceuticals,Entry,Onsite,46500,61000,53750,Azure; Data Modeling; Google Analytics; SQL; Statistics,2025-12-29,38
100373,Junior Data Analyst,Pinnacle Consulting,"New York, NY",Manufacturing,Entry,Onsite,57500,83500,70500,AWS; Data Visualization; ETL; Excel; Power BI; R; SQL,2026-01-28,49
100374,Entry Level Data Analyst,Coral Reef Travel,"Atlanta, GA",Manufacturing,Entry,Hybrid,47500,60500,54000,Data Visualization; Excel; Power BI; R; Statistics,2026-02-13,264
100375,Data Analyst,Granite Construction,"Raleigh, NC",Pharmaceuticals,Mid,Hybrid,57000,91000,74000,Azure; Excel; Google Analytics; Power BI; SQL; Snowflake; Tableau,2026-03-25,64
100376,Data Analyst,GreenLeaf Foods,"San Francisco, CA",Hospitality,Mid,Onsite,90500,121000,105750,AWS; SQL; Snowflake,2026-05-24,112
100377,Marketing Data Analyst,Redwood Insurance,"Denver, CO",Insurance,Mid,Remote,62000,91000,76500,Excel; SQL; Tableau,2026-05-15,291
100378,Lead Data Analyst,Cascade Health Systems,"Denver, CO",Logistics & Supply Chain,Senior,Hybrid,86500,126000,106250,A/B Testing; Excel; Python; R; SQL,2026-02-13,30
100379,Junior Data Analyst,Northwind Analytics,"Raleigh, NC",Pharmaceuticals,Entry,Hybrid,41500,57500,49500,AWS; Business Intelligence; Data Visualization; ETL; R; VBA,2026-06-09,278
100380,Senior Data Analyst,Vantage Pharma,"Washington, DC",Energy,Senior,Remote,101500,155500,128500,AWS; Business Intelligence; Excel; Looker; Power BI; VBA,2026-05-12,137
100381,Marketing Data Analyst,Meridian Energy,"Boston, MA",Nonprofit,Mid,Onsite,71500,111500,91500,Business Intelligence; Excel; Looker; Python; SQL,2026-03-03,241
100382,Junior Data Analyst,GreenLeaf Foods,"Charlotte, NC",Energy,Entry,Hybrid,42500,59000,50750,Azure; Excel; Google Analytics,2026-01-22,307
100383,Financial Data Analyst,Harborline Bank,"Portland, OR",Technology,Mid,Hybrid,69000,92000,80500,Azure; Communication; Excel; SQL; VBA,2026-06-05,347
100384,Senior Data Analyst,Falcon Security,"Philadelphia, PA",Real Estate,Senior,Hybrid,89500,132500,111000,AWS; Business Intelligence; ETL; Excel; R; SQL; Snowflake,2026-05-02,399
100385,Financial Data Analyst,Quantum Robotics,"Raleigh, NC",Hospitality,Mid,Hybrid,56000,89500,72750,AWS; Business Intelligence; Excel; SQL; Statistics; Tableau; VBA,2025-10-09,110
100386,Marketing Data Analyst,GreenLeaf Foods,"Philadelphia, PA",Telecommunications,Mid,Onsite,62000,98000,80000,Data Visualization; ETL; Excel; Python; SQL; Snowflake,2025-11-28,36
100387,Marketing Data Analyst,Coral Reef Travel,"Miami, FL",Financial Services,Mid,Remote,62500,95500,79000,AWS; Excel; SQL,2026-04-29,206
100388,Marketing Data Analyst,Lighthouse Nonprofit,"Phoenix, AZ",Media & Entertainment,Mid,Hybrid,59000,86500,72750,Azure; Data Visualization; ETL; Excel; SQL; Statistics,2026-06-09,69
100389,Junior Data Analyst,Northwind Analytics,"Austin, TX",Hospitality,Entry,Remote,51000,69500,60250,Business Intelligence; Communication; Data Modeling; Excel; Python; Tableau,2026-02-03,324
100390,Junior Data Analyst,Ironclad Manufacturing,"Columbus, OH",Media & Entertainment,Entry,Hybrid,41000,57000,49000,A/B Testing; Communication; Looker; SQL,2025-11-15,215
100391,Lead Data Analyst,TidalWave Gaming,"Charlotte, NC",Financial Services,Senior,Onsite,80500,123500,102000,Looker; Python; SQL,2025-11-21,243
100392,Lead Data Analyst,Vertex Financial Group,"Columbus, OH",Pharmaceuticals,Senior,Hybrid,75000,119500,97250,AWS; SQL; VBA,2026-03-31,10
100393,Entry Level Data Analyst,Ironclad Manufacturing,"Columbus, OH",Pharmaceuticals,Entry,Hybrid,42500,57500,50000,Data Modeling; Excel; Machine Learning; R; SQL,2026-02-28,301
100394,Junior Data Analyst,TidalWave Gaming,"San Francisco, CA",Hospitality,Entry,Onsite,66000,91500,78750,Excel; Looker; Python; Snowflake; Tableau,2025-09-06,320
100395,Data Analytics Manager,Pinnacle Consulting,"Dallas, TX",Financial Services,Senior,Onsite,88000,138000,113000,Business Intelligence; Data Visualization; Excel; R,2025-10-01,275
100396,Data Analyst,Quantum Robotics,"Austin, TX",Healthcare,Mid,Hybrid,70000,101500,85750,A/B Testing; Business Intelligence; Excel; R; SQL; Statistics,2026-05-25,140
100397,Senior Data Analyst,BluePeak Retail,"Boston, MA",Education,Senior,Hybrid,99000,158500,128750,A/B Testing; ETL; Excel; Looker; Machine Learning; Python; VBA,2026-02-15,200
100398,Marketing Data Analyst,Aurora Biotech,"San Francisco, CA",Retail,Mid,Onsite,88000,132500,110250,ETL; Google Analytics; Machine Learning; SQL; Snowflake; VBA,2026-01-17,241
100399,Business Data Analyst,Falcon Security,"Philadelphia, PA",Telecommunications,Mid,Remote,62500,94500,78500,Azure; Google Analytics; SQL; VBA,2025-07-07,215
100400,Senior Data Analyst,Aurora Biotech,"Chicago, IL",Hospitality,Senior,Hybrid,89500,135000,112250,Data Modeling; Excel; Python; SQL,2026-05-01,341
100401,Business Data Analyst,Crestline Airlines,"Chicago, IL",Nonprofit,Mid,Onsite,63500,98000,80750,Data Modeling; Machine Learning; Power BI; R; SQL; Tableau,2026-05-24,237
100402,Data Analytics Manager,Willow Hospitality,"Minneapolis, MN",Nonprofit,Senior,Onsite,87000,123000,105000,ETL; Excel; Machine Learning; SQL,2025-07-31,137
100403,Data Analytics Manager,Summit Media Co,"Washington, DC",Retail,Senior,Hybrid,103000,148500,125750,Excel; Power BI; SQL; Tableau,2026-02-12,371
100404,Data Analytics Manager,Cascade Health Systems,"San Francisco, CA",Retail,Senior,Remote,123000,187000,155000,Looker; SQL; Tableau,2026-06-06,204
100405,Data Analytics Manager,Orbit Logistics,"Los Angeles, CA",Pharmaceuticals,Senior,Hybrid,95000,157500,126250,A/B Testing; Communication; ETL; Excel; Looker; Python,2026-06-18,251
100406,Senior Data Analyst,TidalWave Gaming,"Miami, FL",Pharmaceuticals,Senior,Onsite,84000,125500,104750,Data Visualization; Excel; Python,2026-02-21,394
100407,Data Analytics Manager,Amber Fashion Group,"Denver, CO",Healthcare,Senior,Hybrid,94000,136000,115000,Data Visualization; ETL; Excel; Looker; Power BI,2025-10-06,76
100408,Data Analyst,Redwood Insurance,"New York, NY",Nonprofit,Mid,Onsite,74000,108500,91250,AWS; Azure; Business Intelligence; Excel; Looker; SQL; VBA,2025-07-22,212
100409,Senior Data Analyst,Redwood Insurance,"Columbus, OH",Education,Senior,Onsite,81500,117500,99500,A/B Testing; Excel; Google Analytics; Looker; Python; SQL; Tableau,2026-02-27,321
100410,Data Analyst,Harborline Bank,"Seattle, WA",Financial Services,Mid,Remote,72000,107500,89750,Business Intelligence; Excel; R,2026-03-12,309
100411,Data Analyst Intern,Harborline Bank,"Austin, TX",Telecommunications,Entry,Remote,48500,73000,60750,Azure; Data Modeling; Excel; Google Analytics; Power BI; Tableau,2025-07-24,308
100412,Junior Data Analyst,Quantum Robotics,"Austin, TX",Retail,Entry,Remote,51000,66500,58750,A/B Testing; Business Intelligence; Excel; R; SQL,2026-05-20,318
100413,Financial Data Analyst,Willow Hospitality,"Boston, MA",Financial Services,Mid,Onsite,69500,98000,83750,AWS; Communication; SQL,2026-03-01,359
100414,Junior Data Analyst,Redwood Insurance,"Seattle, WA",Hospitality,Entry,Remote,56000,76500,66250,Excel; Looker; R; SQL,2025-08-15,326
100415,Data Analytics Manager,Stellar Telecom,"Minneapolis, MN",Financial Services,Senior,Hybrid,80500,135500,108000,Data Visualization; Excel; SQL,2026-05-17,342
100416,Business Data Analyst,Pinnacle Consulting,"San Francisco, CA",Technology,Mid,Remote,82000,130500,106250,Excel; Google Analytics; R; SQL; Snowflake; VBA,2025-10-16,227
100417,Data Analytics Manager,Quantum Robotics,"Portland, OR",Telecommunications,Senior,Onsite,89500,128000,108750,Azure; Excel; R,2025-08-29,41
100418,Business Data Analyst,Falcon Security,"Washington, DC",Energy,Mid,Hybrid,69500,105000,87250,Data Modeling; Excel; Google Analytics; Power BI; SQL,2025-10-11,197
100419,Business Data Analyst,Vertex Financial Group,"Raleigh, NC",Energy,Mid,Hybrid,62500,81000,71750,A/B Testing; Data Visualization; ETL; Excel; R; SQL; Tableau,2025-11-16,108
100420,Marketing Data Analyst,Orbit Logistics,"San Francisco, CA",Nonprofit,Mid,Hybrid,83500,117000,100250,A/B Testing; Communication; Excel; Google Analytics; R; SQL,2026-05-23,318
100421,Junior Data Analyst,TidalWave Gaming,"Miami, FL",Real Estate,Entry,Remote,45000,64500,54750,Business Intelligence; Excel; Looker; SQL,2025-11-04,131
100422,Marketing Data Analyst,Brightpath Education,"Philadelphia, PA",Technology,Mid,Onsite,64500,87500,76000,Azure; Communication; Data Visualization; ETL; Excel; Looker; SQL,2026-03-16,22
100423,Financial Data Analyst,Aurora Biotech,"Phoenix, AZ",Education,Mid,Onsite,60000,79500,69750,A/B Testing; Azure; Communication; Excel; Python; SQL,2025-11-29,127
100424,Senior Data Analyst,Northwind Analytics,"Raleigh, NC",Hospitality,Senior,Remote,84500,130000,107250,Business Intelligence; ETL; Looker; Python; SQL; Tableau; VBA,2026-05-17,242
100425,Data Analyst,Timberline Agriculture,"Austin, TX",Media & Entertainment,Mid,Onsite,65500,90000,77750,Azure; Excel; Google Analytics; Machine Learning; Python; Statistics,2026-06-11,191
100426,Data Analyst,Cascade Health Systems,"Phoenix, AZ",Manufacturing,Mid,Hybrid,55000,83000,69000,Azure; Excel; Google Analytics; Power BI; SQL; Statistics; Tableau,2026-04-24,364
100427,Business Data Analyst,Willow Hospitality,"Atlanta, GA",Manufacturing,Mid,Hybrid,58500,89500,74000,Azure; Data Visualization; Excel; Python; SQL,2025-09-01,245
100428,Lead Data Analyst,Copperfield Auto,"Miami, FL",Pharmaceuticals,Senior,Remote,87000,134500,110750,Business Intelligence; Python; SQL,2025-11-25,44
100429,Senior Data Analyst,Summit Media Co,"Dallas, TX",Retail,Senior,Hybrid,86500,137500,112000,AWS; Communication; Excel; Looker; R; SQL; Tableau,2026-05-27,15
100430,Data Analytics Manager,Redwood Insurance,"Austin, TX",Financial Services,Senior,Onsite,89500,149000,119250,Azure; Google Analytics; Looker; SQL; VBA,2026-04-07,232
100431,Entry Level Data Analyst,GreenLeaf Foods,"Philadelphia, PA",Healthcare,Entry,Onsite,46000,69000,57500,AWS; Data Visualization; Excel; SQL,2025-11-23,238
100432,Junior Data Analyst,Crestline Airlines,"Boston, MA",Nonprofit,Entry,Hybrid,52000,72500,62250,A/B Testing; Excel; Power BI; R,2026-04-21,69
100433,Entry Level Data Analyst,Pinnacle Consulting,"Charlotte, NC",Healthcare,Entry,Remote,43500,61000,52250,Business Intelligence; Data Visualization; Excel; R; SQL,2026-03-13,398
100434,Junior Data Analyst,Ironclad Manufacturing,"Los Angeles, CA",Healthcare,Entry,Remote,56000,81500,68750,Data Modeling; Excel; Looker; SQL; Tableau,2026-03-03,25
100435,Junior Data Analyst,Copperfield Auto,"Miami, FL",Retail,Entry,Remote,45000,67500,56250,AWS; Excel; Google Analytics; Python; SQL; Statistics,2025-11-20,105
100436,Data Analyst,Vertex Financial Group,"Miami, FL",Real Estate,Mid,Hybrid,63500,84000,73750,Business Intelligence; Excel; Google Analytics; Looker; SQL; Snowflake; Statistics,2025-09-14,371
100437,Financial Data Analyst,Stellar Telecom,"Phoenix, AZ",Manufacturing,Mid,Remote,57500,82000,69750,Business Intelligence; Communication; Excel; Python; SQL; Statistics,2026-02-03,378
100438,Financial Data Analyst,Orbit Logistics,"Philadelphia, PA",Energy,Mid,Remote,61500,91500,76500,Data Modeling; ETL; Google Analytics; Python; SQL; Statistics; VBA,2026-01-29,94
100439,Lead Data Analyst,Ironclad Manufacturing,"Philadelphia, PA",Telecommunications,Senior,Onsite,85000,139500,112250,AWS; Excel; Looker; SQL; Snowflake,2026-02-23,119
100440,Data Analyst,Granite Construction,"New York, NY",Healthcare,Mid,Remote,81000,116000,98500,AWS; Communication; Excel; Looker; R; SQL,2025-08-31,396
100441,Data Analytics Manager,Skyline Real Estate,"Austin, TX",Energy,Senior,Onsite,94000,141000,117500,Data Visualization; Looker; Power BI; SQL; Snowflake,2025-09-22,302
100442,Data Analyst,Orbit Logistics,"Los Angeles, CA",Education,Mid,Onsite,70000,100500,85250,AWS; Communication; Data Modeling; Excel; SQL,2026-05-24,44
100443,Lead Data Analyst,Redwood Insurance,"Boston, MA",Telecommunications,Senior,Remote,105000,154000,129500,AWS; Data Visualization; Excel; Machine Learning; Power BI,2026-03-23,149
100444,Marketing Data Analyst,Willow Hospitality,"Raleigh, NC",Media & Entertainment,Mid,Hybrid,62500,80500,71500,A/B Testing; Data Modeling; Snowflake; Statistics,2026-06-25,392
100445,Senior Data Analyst,Brightpath Education,"Washington, DC",Pharmaceuticals,Senior,Remote,101500,155500,128500,AWS; Business Intelligence; Data Modeling; Data Visualization; Excel; Tableau,2025-12-23,93
100446,Data Analytics Manager,Northwind Analytics,"Chicago, IL",Technology,Senior,Remote,95000,143500,119250,Communication; Data Modeling; Python; SQL; Statistics,2025-08-09,14
100447,Entry Level Data Analyst,Willow Hospitality,"Minneapolis, MN",Financial Services,Entry,Remote,42000,64500,53250,Data Modeling; Looker; Machine Learning; Power BI; SQL; Tableau; VBA,2025-09-02,313
100448,Business Data Analyst,TidalWave Gaming,"Denver, CO",Healthcare,Mid,Hybrid,60000,87000,73500,Data Modeling; Data Visualization; Excel; R; SQL,2026-04-23,395
100449,Data Analyst,Aurora Biotech,"Denver, CO",Nonprofit,Mid,Remote,62000,97500,79750,Excel; Looker; Power BI; R; SQL; Snowflake; Statistics,2026-02-11,349
100450,Senior Data Analyst,Summit Media Co,"Charlotte, NC",Media & Entertainment,Senior,Hybrid,79500,118000,98750,Business Intelligence; Data Modeling; Excel; SQL; Snowflake,2025-11-25,290
100451,Data Analyst,Vertex Financial Group,"Los Angeles, CA",Education,Mid,Remote,71500,107500,89500,A/B Testing; Azure; Business Intelligence; Communication; Excel,2025-08-05,248
100452,Marketing Data Analyst,Summit Media Co,"New York, NY",Hospitality,Mid,Hybrid,72500,109500,91000,Excel; SQL; Tableau,2025-08-22,384
100453,Junior Data Analyst,Vertex Financial Group,"Charlotte, NC",Technology,Entry,Hybrid,43000,64000,53500,Communication; Looker; SQL,2026-04-24,308
100454,Data Analytics Manager,Willow Hospitality,"Phoenix, AZ",Manufacturing,Senior,Hybrid,82500,120500,101500,Business Intelligence; Excel; Machine Learning; Power BI; SQL; Tableau,2026-03-12,123
100455,Junior Data Analyst,Northwind Analytics,"Chicago, IL",Nonprofit,Entry,Remote,46500,71500,59000,Excel; Google Analytics; SQL; Tableau,2025-08-09,343
100456,Lead Data Analyst,Willow Hospitality,"Raleigh, NC",Telecommunications,Senior,Hybrid,80000,123500,101750,Azure; Excel; Google Analytics; Looker; Machine Learning; SQL; Statistics,2026-01-13,235
100457,Marketing Data Analyst,Timberline Agriculture,"Phoenix, AZ",Education,Mid,Hybrid,55000,85500,70250,Communication; Excel; Looker; SQL; Tableau,2025-08-26,296
100458,Entry Level Data Analyst,Copperfield Auto,"Miami, FL",Hospitality,Entry,Hybrid,45500,65000,55250,ETL; Excel; Machine Learning; SQL,2026-01-10,320
100459,Marketing Data Analyst,Willow Hospitality,"Remote, US",Manufacturing,Mid,Remote,64500,87000,75750,Data Visualization; Excel; Google Analytics; SQL; VBA,2025-12-24,187
100460,Financial Data Analyst,Stellar Telecom,"San Francisco, CA",Hospitality,Mid,Remote,83000,121000,102000,AWS; Excel; SQL,2025-12-14,24
100461,Entry Level Data Analyst,Copperfield Auto,"Minneapolis, MN",Energy,Entry,Hybrid,44000,58500,51250,ETL; Excel; Google Analytics; SQL; Snowflake; VBA,2026-03-08,56
100462,Business Data Analyst,Quantum Robotics,"Raleigh, NC",Logistics & Supply Chain,Mid,Onsite,60500,81500,71000,Communication; Data Visualization; Excel; Looker; Statistics,2025-11-25,140
100463,Data Analyst,GreenLeaf Foods,"Philadelphia, PA",Media & Entertainment,Mid,Onsite,65000,98000,81500,AWS; Excel; Google Analytics; Machine Learning; Python; SQL; VBA,2025-12-25,44
100464,Data Analytics Manager,Aurora Biotech,"Remote, US",Media & Entertainment,Senior,Hybrid,86000,131500,108750,Business Intelligence; Data Modeling; Excel; R; Snowflake,2026-03-22,100
100465,Data Analyst Intern,Skyline Real Estate,"Denver, CO",Hospitality,Entry,Onsite,48500,66000,57250,A/B Testing; Communication; Excel; R; SQL; Snowflake; Statistics,2025-09-16,387
100466,Data Analytics Manager,Timberline Agriculture,"Minneapolis, MN",Media & Entertainment,Senior,Remote,87500,118500,103000,AWS; Excel; Machine Learning; SQL,2026-01-24,127
100467,Senior Data Analyst,Orbit Logistics,"Denver, CO",Financial Services,Senior,Remote,92000,132500,112250,Data Modeling; Excel; Python; R; SQL; Statistics; Tableau,2025-11-20,342
100468,Lead Data Analyst,Summit Media Co,"San Francisco, CA",Nonprofit,Senior,Hybrid,112000,189000,150500,AWS; Excel; Google Analytics,2026-01-03,348
100469,Senior Data Analyst,Meridian Energy,"Seattle, WA",Technology,Senior,Remote,109500,170000,139750,AWS; Looker; Machine Learning; Power BI; Python; SQL; Snowflake,2025-12-16,304
100470,Financial Data Analyst,Granite Construction,"Atlanta, GA",Pharmaceuticals,Mid,Hybrid,57500,83000,70250,Communication; Excel; Looker; Machine Learning; SQL,2026-06-24,62
100471,Marketing Data Analyst,Nova Software,"Minneapolis, MN",Education,Mid,Hybrid,64500,92500,78500,AWS; Data Modeling; Looker; SQL,2026-05-07,22
100472,Data Analyst,Lighthouse Nonprofit,"Atlanta, GA",Insurance,Mid,Hybrid,59000,93500,76250,A/B Testing; Azure; Business Intelligence; ETL; SQL,2025-11-08,159
100473,Senior Data Analyst,Vantage Pharma,"Atlanta, GA",Insurance,Senior,Remote,88500,134000,111250,Excel; Looker; Machine Learning; Python; SQL,2026-01-28,175
100474,Financial Data Analyst,Coral Reef Travel,"Chicago, IL",Real Estate,Mid,Remote,65000,90500,77750,Azure; Business Intelligence; Data Modeling; Excel; Google Analytics; SQL,2026-05-25,99
100475,Entry Level Data Analyst,Granite Construction,"Seattle, WA",Financial Services,Entry,Hybrid,57500,77500,67500,A/B Testing; R; SQL,2026-05-29,395
100476,Junior Data Analyst,Timberline Agriculture,"Portland, OR",Hospitality,Entry,Hybrid,51000,67000,59000,Excel; Google Analytics; R; SQL,2025-10-02,206
100477,Financial Data Analyst,Sapphire Cloud Services,"Philadelphia, PA",Technology,Mid,Remote,59500,93000,76250,Business Intelligence; Data Visualization; Excel; Machine Learning; Python; SQL; Statistics,2026-02-05,312
100478,Data Analytics Manager,Orbit Logistics,"Austin, TX",Manufacturing,Senior,Remote,93500,129500,111500,A/B Testing; Business Intelligence; Data Visualization; Looker; Power BI; SQL; Snowflake,2025-11-14,152
100479,Entry Level Data Analyst,Meridian Energy,"Seattle, WA",Media & Entertainment,Entry,Onsite,57000,85500,71250,Communication; R; SQL; Tableau; VBA,2025-10-29,321
100480,Entry Level Data Analyst,Vantage Pharma,"Atlanta, GA",Manufacturing,Entry,Hybrid,45500,59000,52250,Azure; ETL; Excel; Google Analytics; SQL; Statistics,2025-08-07,53
100481,Lead Data Analyst,BluePeak Retail,"San Francisco, CA",Manufacturing,Senior,Onsite,119000,176000,147500,Data Modeling; ETL; Excel; Machine Learning; SQL; Statistics; Tableau,2026-06-09,194
100482,Junior Data Analyst,Coral Reef Travel,"Miami, FL",Financial Services,Entry,Hybrid,44000,64500,54250,Excel; Google Analytics; Python; SQL; Tableau,2025-07-23,70
100483,Entry Level Data Analyst,Timberline Agriculture,"Dallas, TX",Nonprofit,Entry,Hybrid,45500,69000,57250,Data Modeling; Excel; Google Analytics; Machine Learning; Snowflake,2026-03-09,396
100484,Junior Data Analyst,Nova Software,"Washington, DC",Financial Services,Entry,Remote,48500,69500,59000,Business Intelligence; Communication; Excel; Machine Learning; Power BI; R,2025-12-30,368
100485,Lead Data Analyst,Skyline Real Estate,"Washington, DC",Education,Senior,Remote,100000,139000,119500,AWS; R; SQL; Snowflake; Statistics,2026-04-15,344
100486,Data Analyst Intern,Redwood Insurance,"Philadelphia, PA",Financial Services,Entry,Hybrid,47500,65500,56500,A/B Testing; Excel; Looker,2026-06-14,353
100487,Senior Data Analyst,Meridian Energy,"Charlotte, NC",Energy,Senior,Onsite,75500,116500,96000,Business Intelligence; Looker; SQL,2026-05-01,341
100488,Data Analyst,Quantum Robotics,"San Francisco, CA",Hospitality,Mid,Hybrid,85500,132500,109000,AWS; ETL; Excel; Google Analytics; SQL; Statistics; Tableau,2025-08-06,285
100489,Data Analyst Intern,Meridian Energy,"Austin, TX",Media & Entertainment,Entry,Remote,47500,72500,60000,ETL; Excel; Python; R; SQL; Statistics,2026-05-28,390
100490,Junior Data Analyst,Cascade Health Systems,"Remote, US",Education,Entry,Onsite,48500,70500,59500,A/B Testing; Data Visualization; Excel; Power BI; Statistics; Tableau; VBA,2026-04-15,312
100491,Financial Data Analyst,Vertex Financial Group,"Minneapolis, MN",Telecommunications,Mid,Hybrid,58000,89000,73500,Excel; Google Analytics; Snowflake,2026-06-12,119
100492,Junior Data Analyst,Vantage Pharma,"Raleigh, NC",Logistics & Supply Chain,Entry,Hybrid,44000,60000,52000,AWS; Google Analytics; Looker; Python; Snowflake; Tableau,2026-03-25,223
100493,Data Analytics Manager,TidalWave Gaming,"San Francisco, CA",Logistics & Supply Chain,Senior,Remote,112000,169500,140750,Business Intelligence; Data Visualization; Machine Learning; Power BI; SQL; Tableau,2025-07-09,63
100494,Entry Level Data Analyst,Summit Media Co,"Boston, MA",Real Estate,Entry,Hybrid,51000,80500,65750,Azure; Business Intelligence; Machine Learning; SQL; VBA,2025-10-04,113
100495,Junior Data Analyst,Vertex Financial Group,"Portland, OR",Insurance,Entry,Onsite,45500,68000,56750,ETL; Excel; Power BI,2026-03-02,240
100496,Financial Data Analyst,Timberline Agriculture,"Portland, OR",Nonprofit,Mid,Hybrid,66000,100500,83250,AWS; Excel; Python; SQL; Tableau,2025-07-09,361
100497,Business Data Analyst,Timberline Agriculture,"New York, NY",Technology,Mid,Hybrid,73000,106500,89750,A/B Testing; AWS; Business Intelligence; Excel; Python; SQL; Tableau,2025-09-17,383
100498,Entry Level Data Analyst,Skyline Real Estate,"Raleigh, NC",Financial Services,Entry,Onsite,44000,59000,51500,Azure; Communication; ETL; Excel; Google Analytics; Power BI; SQL,2026-07-01,226
100499,Financial Data Analyst,Timberline Agriculture,"Raleigh, NC",Nonprofit,Mid,Hybrid,61000,92000,76500,Data Modeling; ETL; SQL,2026-06-13,254
100500,Business Data Analyst,Lighthouse Nonprofit,"San Francisco, CA",Logistics & Supply Chain,Mid,Remote,87000,125500,106250,Excel; Looker; Power BI; SQL; VBA,2025-09-21,152
100501,Business Data Analyst,Skyline Real Estate,"Charlotte, NC",Education,Mid,Remote,55000,87500,71250,AWS; Business Intelligence; Data Modeling; ETL; Tableau,2026-06-10,339
100502,Marketing Data Analyst,Granite Construction,"Raleigh, NC",Telecommunications,Mid,Onsite,56500,82000,69250,Excel; SQL; Tableau,2025-08-21,217
100503,Entry Level Data Analyst,GreenLeaf Foods,"Atlanta, GA",Technology,Entry,Hybrid,47500,61500,54500,Data Visualization; Excel; R; Snowflake; VBA,2025-12-20,225
100504,Senior Data Analyst,Crestline Airlines,"Atlanta, GA",Retail,Senior,Hybrid,84000,135500,109750,Azure; Machine Learning; Power BI; SQL; Tableau,2026-02-10,239
100505,Senior Data Analyst,Cascade Health Systems,"Portland, OR",Energy,Senior,Onsite,95500,142000,118750,Power BI; R; SQL,2026-01-02,85
100506,Data Analytics Manager,Lighthouse Nonprofit,"Washington, DC",Telecommunications,Senior,Hybrid,100500,137500,119000,Business Intelligence; Google Analytics; Power BI; Statistics; Tableau,2025-07-04,130
100507,Entry Level Data Analyst,Quantum Robotics,"Remote, US",Logistics & Supply Chain,Entry,Remote,45500,68500,57000,A/B Testing; Communication; ETL; SQL; Snowflake; Tableau,2026-01-28,214
100508,Entry Level Data Analyst,Timberline Agriculture,"Columbus, OH",Telecommunications,Entry,Hybrid,44000,58000,51000,Excel; Python; SQL,2025-09-23,227
100509,Data Analyst,Meridian Energy,"San Francisco, CA",Hospitality,Mid,Onsite,82000,125500,103750,Business Intelligence; Communication; Data Modeling; ETL; Excel; Google Analytics; SQL,2026-03-28,317
100510,Junior Data Analyst,Lighthouse Nonprofit,"Phoenix, AZ",Education,Entry,Hybrid,45500,62000,53750,AWS; Business Intelligence; Data Visualization; ETL; Excel; SQL; Statistics,2026-04-02,176
100511,Financial Data Analyst,Falcon Security,"Seattle, WA",Logistics & Supply Chain,Mid,Onsite,74500,104000,89250,AWS; Excel; Google Analytics; Looker; R; SQL; Snowflake,2025-11-10,128
100512,Data Analytics Manager,Falcon Security,"Minneapolis, MN",Logistics & Supply Chain,Senior,Remote,79000,124000,101500,AWS; Business Intelligence; Excel; Power BI; SQL; Tableau; VBA,2026-02-18,178
100513,Business Data Analyst,Granite Construction,"Philadelphia, PA",Energy,Mid,Hybrid,67500,94000,80750,AWS; Azure; Data Visualization; Excel; SQL; Tableau; VBA,2025-12-15,269
100514,Data Analyst Intern,Redwood Insurance,"Charlotte, NC",Education,Entry,Remote,43500,62500,53000,Communication; Excel; Python,2026-03-01,114
100515,Entry Level Data Analyst,Vertex Financial Group,"Charlotte, NC",Hospitality,Entry,Hybrid,43000,60000,51500,Business Intelligence; Communication; Excel; Looker; Machine Learning; VBA,2026-01-30,88
100516,Junior Data Analyst,Aurora Biotech,"Seattle, WA",Education,Entry,Hybrid,53500,82000,67750,Business Intelligence; Data Visualization; Excel; Looker; Power BI; Python; Statistics,2026-01-06,65
100517,Data Analyst Intern,Timberline Agriculture,"Minneapolis, MN",Retail,Entry,Remote,45000,59000,52000,AWS; Data Visualization; Excel; SQL,2025-09-12,77
100518,Data Analyst Intern,Brightpath Education,"San Francisco, CA",Pharmaceuticals,Entry,Onsite,67000,86000,76500,Azure; Data Visualization; Excel; Power BI; Python; SQL,2026-03-04,298
100519,Data Analytics Manager,TidalWave Gaming,"Washington, DC",Pharmaceuticals,Senior,Hybrid,95500,153500,124500,A/B Testing; Azure; Business Intelligence; Data Modeling; Google Analytics; SQL; Snowflake,2025-08-15,324
100520,Data Analyst Intern,Brightpath Education,"Phoenix, AZ",Technology,Entry,Onsite,42500,57000,49750,AWS; Excel; Machine Learning; Python; R; SQL,2026-05-26,291
100521,Senior Data Analyst,Redwood Insurance,"Portland, OR",Logistics & Supply Chain,Senior,Hybrid,85000,137000,111000,Looker; Power BI; SQL; Snowflake,2026-03-30,97
100522,Data Analyst,Pinnacle Consulting,"Denver, CO",Technology,Mid,Onsite,66500,93000,79750,Excel; Google Analytics; SQL,2025-07-12,179
100523,Financial Data Analyst,Summit Media Co,"Minneapolis, MN",Financial Services,Mid,Onsite,59000,84500,71750,Azure; Excel; SQL,2025-08-15,83
100524,Data Analytics Manager,Brightpath Education,"Boston, MA",Financial Services,Senior,Hybrid,99500,142500,121000,ETL; Excel; SQL,2025-12-13,137
100525,Financial Data Analyst,Sapphire Cloud Services,"Chicago, IL",Financial Services,Mid,Remote,69000,98000,83500,Data Modeling; ETL; Excel; Machine Learning; Power BI; Snowflake,2026-04-10,213
100526,Senior Data Analyst,Skyline Real Estate,"New York, NY",Media & Entertainment,Senior,Hybrid,112000,148500,130250,A/B Testing; AWS; Looker; Power BI; SQL; Statistics; Tableau,2026-03-14,109
100527,Junior Data Analyst,Stellar Telecom,"Miami, FL",Healthcare,Entry,Onsite,46000,63500,54750,AWS; Business Intelligence; Data Modeling; Excel; Google Analytics; Python; SQL,2025-07-01,35
100528,Entry Level Data Analyst,Pinnacle Consulting,"Portland, OR",Insurance,Entry,Onsite,47000,66000,56500,AWS; Excel; SQL; Snowflake,2026-03-31,293
100529,Senior Data Analyst,GreenLeaf Foods,"Austin, TX",Media & Entertainment,Senior,Hybrid,97000,144500,120750,Azure; Google Analytics; SQL; Snowflake; Statistics,2026-06-28,236
100530,Data Analytics Manager,Harborline Bank,"Los Angeles, CA",Manufacturing,Senior,Remote,108000,149000,128500,Azure; Data Modeling; Looker; SQL,2026-01-28,289
100531,Entry Level Data Analyst,Willow Hospitality,"Phoenix, AZ",Logistics & Supply Chain,Entry,Remote,45500,62500,54000,Business Intelligence; Communication; Data Visualization; ETL; Excel; Power BI; SQL,2025-09-29,398
100532,Data Analyst,Cascade Health Systems,"Washington, DC",Manufacturing,Mid,Onsite,69500,97000,83250,Data Visualization; Excel; SQL,2025-12-03,372
100533,Business Data Analyst,Harborline Bank,"Raleigh, NC",Manufacturing,Mid,Remote,59000,88000,73500,Communication; Data Modeling; ETL; Excel; Power BI; SQL; Statistics,2026-03-10,92
100534,Lead Data Analyst,Redwood Insurance,"Philadelphia, PA",Hospitality,Senior,Hybrid,89000,124500,106750,A/B Testing; Machine Learning; Python; Tableau,2025-11-18,103
100535,Data Analyst,Lighthouse Nonprofit,"Miami, FL",Energy,Mid,Remote,62500,88500,75500,Azure; Communication; Excel; Google Analytics; Machine Learning; SQL,2026-01-02,269
100536,Data Analyst,Coral Reef Travel,"Atlanta, GA",Financial Services,Mid,Remote,60000,86500,73250,Excel; SQL; Statistics,2025-07-13,382
100537,Business Data Analyst,Lighthouse Nonprofit,"Minneapolis, MN",Retail,Mid,Onsite,58000,85000,71500,Excel; Power BI; SQL,2025-07-13,308
100538,Marketing Data Analyst,Sapphire Cloud Services,"Dallas, TX",Technology,Mid,Remote,60500,88000,74250,A/B Testing; Google Analytics; Snowflake,2026-05-14,229
100539,Senior Data Analyst,Amber Fashion Group,"Washington, DC",Energy,Senior,Remote,103500,155500,129500,Business Intelligence; Excel; Google Analytics; Python; SQL; Tableau,2025-12-02,317
100540,Financial Data Analyst,Vertex Financial Group,"Chicago, IL",Hospitality,Mid,Remote,63000,101500,82250,A/B Testing; Business Intelligence; Communication; Excel; Power BI; SQL,2026-02-05,322
100541,Data Analyst Intern,Cascade Health Systems,"Los Angeles, CA",Hospitality,Entry,Onsite,56000,76000,66000,Azure; Excel; Power BI; Statistics; VBA,2025-08-04,308
100542,Business Data Analyst,Coral Reef Travel,"Philadelphia, PA",Healthcare,Mid,Hybrid,61500,91000,76250,A/B Testing; Business Intelligence; Excel; Python; R; SQL; Tableau,2025-12-07,304
100543,Financial Data Analyst,Aurora Biotech,"Charlotte, NC",Insurance,Mid,Hybrid,57500,78500,68000,AWS; Data Modeling; Data Visualization; Excel; Google Analytics; SQL,2026-06-13,79
100544,Data Analyst,Harborline Bank,"Columbus, OH",Real Estate,Mid,Onsite,59000,80000,69500,Data Modeling; Excel; Python; SQL,2026-06-20,244
100545,Data Analyst Intern,Lighthouse Nonprofit,"Los Angeles, CA",Real Estate,Entry,Hybrid,57500,77500,67500,A/B Testing; Business Intelligence; Excel; Power BI; R; SQL,2025-07-02,332
100546,Business Data Analyst,Lighthouse Nonprofit,"Atlanta, GA",Education,Mid,Hybrid,58500,90500,74500,Data Modeling; ETL; Excel; R; Statistics,2025-08-07,188
100547,Data Analyst,Nova Software,"Chicago, IL",Healthcare,Mid,Remote,64500,98000,81250,AWS; Azure; Excel; SQL; Statistics,2025-09-28,117
100548,Data Analytics Manager,Falcon Security,"Boston, MA",Manufacturing,Senior,Onsite,98500,146000,122250,Excel; Machine Learning; Power BI; SQL,2025-08-26,178
100549,Business Data Analyst,GreenLeaf Foods,"Washington, DC",Technology,Mid,Hybrid,69000,96500,82750,Business Intelligence; Communication; Data Modeling; Excel; Power BI; Python; Tableau,2026-01-10,360
100550,Marketing Data Analyst,Quantum Robotics,"Portland, OR",Media & Entertainment,Mid,Onsite,63000,87500,75250,AWS; Azure; Power BI; R; SQL; Statistics; Tableau,2025-09-03,265
100551,Data Analyst Intern,Coral Reef Travel,"Raleigh, NC",Technology,Entry,Onsite,45500,64500,55000,A/B Testing; Data Visualization; ETL; Excel; R; SQL; Snowflake,2026-01-08,274
100552,Entry Level Data Analyst,Lighthouse Nonprofit,"Raleigh, NC",Education,Entry,Remote,43000,65500,54250,A/B Testing; Business Intelligence; Communication; Excel; SQL; Statistics; VBA,2026-01-10,297
100553,Junior Data Analyst,Vantage Pharma,"Charlotte, NC",Insurance,Entry,Hybrid,40000,56000,48000,A/B Testing; Business Intelligence; Data Visualization; Excel; Machine Learning; SQL,2026-02-04,235
100554,Entry Level Data Analyst,Brightpath Education,"Minneapolis, MN",Manufacturing,Entry,Onsite,43500,62000,52750,A/B Testing; Excel; Machine Learning; SQL,2026-03-14,267
100555,Lead Data Analyst,Amber Fashion Group,"Austin, TX",Telecommunications,Senior,Remote,89500,132000,110750,Azure; Excel; Google Analytics; SQL; Statistics,2026-06-15,145
100556,Business Data Analyst,Lighthouse Nonprofit,"Portland, OR",Healthcare,Mid,Onsite,67000,97000,82000,AWS; Data Visualization; ETL; SQL; VBA,2026-04-23,392
100557,Data Analyst,Skyline Real Estate,"Columbus, OH",Telecommunications,Mid,Onsite,59000,77500,68250,A/B Testing; Excel; SQL; Snowflake,2025-08-13,165
100558,Business Data Analyst,Brightpath Education,"Minneapolis, MN",Technology,Mid,Hybrid,63500,81500,72500,AWS; Excel; Tableau; VBA,2026-06-03,186
100559,Marketing Data Analyst,Harborline Bank,"Minneapolis, MN",Media & Entertainment,Mid,Hybrid,60000,91000,75500,AWS; Excel; Google Analytics; Python; R; SQL; Tableau,2026-04-17,327
100560,Data Analyst Intern,Vantage Pharma,"Portland, OR",Energy,Entry,Onsite,51000,65000,58000,Azure; ETL; Excel; Looker; SQL; Statistics,2026-02-17,332
100561,Data Analytics Manager,Vertex Financial Group,"Boston, MA",Retail,Senior,Hybrid,97500,160500,129000,Business Intelligence; Excel; Looker; Python; R; SQL; Statistics,2025-10-28,154
100562,Lead Data Analyst,Vertex Financial Group,"Washington, DC",Financial Services,Senior,Hybrid,91000,142500,116750,Communication; Excel; Power BI; R; SQL; Tableau,2025-10-14,71
100563,Business Data Analyst,GreenLeaf Foods,"Minneapolis, MN",Real Estate,Mid,Hybrid,60500,88500,74500,Business Intelligence; Machine Learning; SQL; Snowflake; Statistics,2026-02-14,37
100564,Financial Data Analyst,Crestline Airlines,"Atlanta, GA",Logistics & Supply Chain,Mid,Hybrid,61000,87500,74250,AWS; Business Intelligence; Excel; Python; R; SQL,2026-06-30,157
100565,Financial Data Analyst,Crestline Airlines,"Boston, MA",Media & Entertainment,Mid,Remote,77500,109500,93500,Azure; Data Modeling; ETL; Excel; Power BI; R,2025-09-19,145
100566,Lead Data Analyst,GreenLeaf Foods,"Austin, TX",Nonprofit,Senior,Onsite,98000,148000,123000,Azure; Data Visualization; Excel; Power BI; Python; VBA,2026-02-16,89
100567,Data Analytics Manager,Redwood Insurance,"Columbus, OH",Financial Services,Senior,Hybrid,73500,120500,97000,Azure; Data Modeling; ETL; Excel; Google Analytics; Statistics,2025-08-28,368
100568,Junior Data Analyst,Quantum Robotics,"Washington, DC",Education,Entry,Hybrid,49000,74500,61750,Excel; Looker; Machine Learning; R; SQL; Snowflake,2025-11-28,68
100569,Lead Data Analyst,Falcon Security,"Phoenix, AZ",Healthcare,Senior,Remote,84000,125500,104750,Data Visualization; R; SQL; Statistics,2026-03-30,115
100570,Entry Level Data Analyst,Lighthouse Nonprofit,"San Francisco, CA",Real Estate,Entry,Hybrid,64000,92000,78000,AWS; Excel; SQL,2026-01-10,397
100571,Business Data Analyst,Vantage Pharma,"Atlanta, GA",Manufacturing,Mid,Onsite,58000,81000,69500,Google Analytics; SQL; Statistics,2025-08-02,117
100572,Senior Data Analyst,Granite Construction,"Boston, MA",Nonprofit,Senior,Remote,100500,144000,122250,Azure; Excel; Google Analytics; Statistics; VBA,2025-10-18,59
100573,Marketing Data Analyst,Quantum Robotics,"Boston, MA",Financial Services,Mid,Hybrid,71500,104000,87750,A/B Testing; Data Visualization; Excel; Looker; Machine Learning; Python,2026-01-27,159
100574,Data Analyst Intern,Skyline Real Estate,"Chicago, IL",Nonprofit,Entry,Hybrid,52500,73500,63000,ETL; Google Analytics; Power BI; SQL,2026-06-21,73
100575,Marketing Data Analyst,Summit Media Co,"Los Angeles, CA",Real Estate,Mid,Hybrid,69000,98500,83750,A/B Testing; Business Intelligence; ETL; Excel; Power BI; SQL; Snowflake,2025-09-02,163
100576,Business Data Analyst,Falcon Security,"Minneapolis, MN",Telecommunications,Mid,Remote,57000,82500,69750,ETL; Google Analytics; SQL; Statistics; Tableau; VBA,2026-05-03,232
100577,Marketing Data Analyst,Orbit Logistics,"Dallas, TX",Manufacturing,Mid,Hybrid,64500,90500,77500,A/B Testing; AWS; Excel; Google Analytics; SQL; Snowflake,2025-07-28,345
100578,Business Data Analyst,Granite Construction,"Atlanta, GA",Energy,Mid,Onsite,60500,83500,72000,Excel; Looker; Python,2025-09-11,109
100579,Junior Data Analyst,Vertex Financial Group,"Boston, MA",Energy,Entry,Hybrid,56000,73000,64500,AWS; Business Intelligence; Communication; Data Visualization; Excel; R; SQL,2025-11-05,160
100580,Data Analytics Manager,TidalWave Gaming,"Washington, DC",Hospitality,Senior,Remote,102000,146000,124000,Data Modeling; Excel; Looker; R; SQL,2026-02-07,394
100581,Junior Data Analyst,Sapphire Cloud Services,"Raleigh, NC",Financial Services,Entry,Onsite,43500,58000,50750,Azure; Excel; R; SQL; Tableau,2025-11-23,197
100582,Lead Data Analyst,Crestline Airlines,"Raleigh, NC",Retail,Senior,Hybrid,84500,118000,101250,Data Modeling; Excel; SQL; Snowflake,2026-01-29,207
100583,Marketing Data Analyst,Meridian Energy,"Raleigh, NC",Insurance,Mid,Hybrid,60000,84500,72250,ETL; Excel; SQL,2025-11-08,399
100584,Marketing Data Analyst,Aurora Biotech,"Raleigh, NC",Hospitality,Mid,Hybrid,61000,87500,74250,Data Modeling; Data Visualization; Excel; Google Analytics; Looker; SQL,2025-07-15,362
100585,Junior Data Analyst,Pinnacle Consulting,"Portland, OR",Education,Entry,Onsite,45500,65000,55250,ETL; Excel; Power BI; Python; R; SQL; Statistics,2025-08-11,270
100586,Business Data Analyst,Coral Reef Travel,"Minneapolis, MN",Healthcare,Mid,Onsite,58500,85000,71750,AWS; Communication; Excel; Google Analytics; Python; SQL; VBA,2025-12-24,78
100587,Data Analytics Manager,Falcon Security,"Denver, CO",Pharmaceuticals,Senior,Onsite,90500,123500,107000,Looker; Power BI; Python; SQL,2026-01-30,273
100588,Financial Data Analyst,Amber Fashion Group,"Remote, US",Nonprofit,Mid,Hybrid,61000,88000,74500,Excel; Looker; R; Statistics,2025-10-17,100
100589,Business Data Analyst,BluePeak Retail,"Boston, MA",Telecommunications,Mid,Onsite,71000,112000,91500,AWS; Excel; Power BI; Python; R; SQL,2025-11-19,37
100590,Marketing Data Analyst,Northwind Analytics,"Philadelphia, PA",Technology,Mid,Hybrid,65000,86500,75750,Excel; Machine Learning; SQL,2025-08-19,113
100591,Lead Data Analyst,Granite Construction,"New York, NY",Media & Entertainment,Senior,Hybrid,113000,166000,139500,Communication; Data Visualization; Google Analytics; Looker; Snowflake; VBA,2025-10-31,189
100592,Financial Data Analyst,Meridian Energy,"Portland, OR",Financial Services,Mid,Onsite,68500,98000,83250,ETL; Excel; SQL,2026-03-29,148
100593,Business Data Analyst,Stellar Telecom,"Washington, DC",Energy,Mid,Hybrid,73500,101500,87500,Data Modeling; Data Visualization; Google Analytics; SQL,2025-12-14,352
100594,Entry Level Data Analyst,Harborline Bank,"Portland, OR",Education,Entry,Hybrid,48500,63500,56000,AWS; ETL; Excel; Power BI; SQL; Statistics,2026-04-19,371
100595,Lead Data Analyst,BluePeak Retail,"Seattle, WA",Education,Senior,Onsite,103500,163500,133500,Data Modeling; Excel; Google Analytics; Looker; Power BI; R; SQL,2026-06-03,363
100596,Senior Data Analyst,Cascade Health Systems,"Minneapolis, MN",Nonprofit,Senior,Remote,88500,123000,105750,A/B Testing; Data Modeling; Excel; Looker; Power BI; SQL,2026-03-09,51
100597,Marketing Data Analyst,Timberline Agriculture,"Atlanta, GA",Pharmaceuticals,Mid,Hybrid,64000,82000,73000,Azure; Communication; Data Modeling; Excel; SQL,2025-08-14,62
100598,Senior Data Analyst,Quantum Robotics,"Philadelphia, PA",Pharmaceuticals,Senior,Remote,93500,134500,114000,ETL; Excel; Google Analytics; SQL,2026-04-01,102
100599,Financial Data Analyst,Brightpath Education,"Los Angeles, CA",Telecommunications,Mid,Hybrid,75000,110500,92750,A/B Testing; Data Modeling; ETL; Machine Learning; Power BI; SQL; VBA,2025-12-09,79
100600,Data Analytics Manager,Sapphire Cloud Services,"Atlanta, GA",Education,Senior,Hybrid,80000,122500,101250,AWS; Google Analytics; SQL,2025-11-18,366
